signal,horizon,group_type,group,ic,n_obs
sue,1,report_period,2019-03-31,0.06492134240893464,3255
sue,1,report_period,2019-06-30,0.0016980272634746284,3280
sue,1,report_period,2019-09-30,0.022744660867511424,3315
sue,1,report_period,2019-12-31,0.006002333408881777,3367
sue,1,report_period,2020-03-31,0.06928208182871018,3396
sue,1,report_period,2020-06-30,0.02496087825623741,3469
sue,1,report_period,2020-09-30,-0.0209083392381269,3569
sue,1,report_period,2020-12-31,0.03809053533845767,3677
sue,1,report_period,2021-03-31,0.07429242984901124,3740
sue,1,report_period,2021-06-30,0.015195166994242872,3889
sue,1,report_period,2021-09-30,-0.06714185078864479,3963
sue,1,report_period,2021-12-31,-0.011817131497323705,4115
sue,1,report_period,2022-03-31,0.07095650422579024,4155
sue,1,report_period,2022-06-30,-0.03500456615156639,4237
sue,1,report_period,2022-09-30,-0.05181747022338071,4310
sue,1,report_period,2022-12-31,-0.008421902192219366,4428
sue,1,report_period,2023-03-31,0.08320559038055315,4475
sue,1,report_period,2023-06-30,-0.03150694954723229,4581
sue,1,report_period,2023-09-30,-0.03628715845370261,4626
sue,1,report_period,2023-12-31,-0.03609858034776994,4678
sue,1,report_period,2024-03-31,0.04892937561354882,4685
sue,1,report_period,2024-06-30,-0.018782750811252535,4694
sue,5,report_period,2019-03-31,0.0323258267880469,3255
sue,5,report_period,2019-06-30,0.015318248770554377,3280
sue,5,report_period,2019-09-30,0.08595158789501665,3315
sue,5,report_period,2019-12-31,-0.012918529726747546,3367
sue,5,report_period,2020-03-31,0.08392406816497493,3396
sue,5,report_period,2020-06-30,-0.04178727544218661,3469
sue,5,report_period,2020-09-30,-0.06198581385694434,3569
sue,5,report_period,2020-12-31,-0.0449152110477702,3677
sue,5,report_period,2021-03-31,0.0568509035285267,3740
sue,5,report_period,2021-06-30,-0.017845966750015086,3889
sue,5,report_period,2021-09-30,-0.17082706955992594,3963
sue,5,report_period,2021-12-31,-0.0905871625351332,4115
sue,5,report_period,2022-03-31,0.02640786650350323,4155
sue,5,report_period,2022-06-30,-0.03945224263357843,4237
sue,5,report_period,2022-09-30,-0.08122946675198923,4310
sue,5,report_period,2022-12-31,-0.044287476507583204,4428
sue,5,report_period,2023-03-31,0.02654451353760501,4475
sue,5,report_period,2023-06-30,-0.07003437004824462,4581
sue,5,report_period,2023-09-30,-0.14487387584053607,4626
sue,5,report_period,2023-12-31,-0.07441437244704502,4678
sue,5,report_period,2024-03-31,0.036871576656325004,4685
sue,5,report_period,2024-06-30,-0.023853245147242286,4693
sue,10,report_period,2019-03-31,0.03776596466570206,3255
sue,10,report_period,2019-06-30,-0.032394539809451985,3280
sue,10,report_period,2019-09-30,0.06400304720285802,3315
sue,10,report_period,2019-12-31,-0.018326790112996465,3367
sue,10,report_period,2020-03-31,0.07442246680579745,3396
sue,10,report_period,2020-06-30,-0.07291289059517009,3469
sue,10,report_period,2020-09-30,-0.10027426208381468,3569
sue,10,report_period,2020-12-31,-0.0837114703734566,3677
sue,10,report_period,2021-03-31,0.051652277977343265,3740
sue,10,report_period,2021-06-30,0.007126461392683773,3889
sue,10,report_period,2021-09-30,-0.22506511891265435,3963
sue,10,report_period,2021-12-31,-0.08529799136033431,4115
sue,10,report_period,2022-03-31,0.013775919433363369,4155
sue,10,report_period,2022-06-30,-0.029737289518586188,4237
sue,10,report_period,2022-09-30,-0.12324682186696671,4310
sue,10,report_period,2022-12-31,-0.0572905843803583,4428
sue,10,report_period,2023-03-31,-0.026695634465542125,4475
sue,10,report_period,2023-06-30,-0.09646309880020165,4581
sue,10,report_period,2023-09-30,-0.15293782887381033,4626
sue,10,report_period,2023-12-31,-0.01638743900731682,4678
sue,10,report_period,2024-03-31,0.10096327907370259,4685
sue,10,report_period,2024-06-30,-0.008194085096152244,4693
sue,20,report_period,2019-03-31,0.045939617724540825,3255
sue,20,report_period,2019-06-30,0.013317913771334133,3280
sue,20,report_period,2019-09-30,0.0256707973924263,3315
sue,20,report_period,2019-12-31,-0.04779831225502805,3367
sue,20,report_period,2020-03-31,0.018719099339085016,3396
sue,20,report_period,2020-06-30,-0.044418228343528966,3469
sue,20,report_period,2020-09-30,-0.0944429579174687,3568
sue,20,report_period,2020-12-31,-0.10024312584119363,3677
sue,20,report_period,2021-03-31,0.026461500468848206,3740
sue,20,report_period,2021-06-30,0.013197504330062195,3889
sue,20,report_period,2021-09-30,-0.13162076636466713,3963
sue,20,report_period,2021-12-31,-0.0999508789237973,4115
sue,20,report_period,2022-03-31,0.0039054965845363096,4154
sue,20,report_period,2022-06-30,0.013309955222203615,4237
sue,20,report_period,2022-09-30,-0.13020084511534527,4310
sue,20,report_period,2022-12-31,-0.04940990691419333,4428
sue,20,report_period,2023-03-31,-0.0471904611578748,4475
sue,20,report_period,2023-06-30,-0.06983636727857268,4581
sue,20,report_period,2023-09-30,-0.08841394715765737,4626
sue,20,report_period,2023-12-31,-0.015464926116963349,4678
sue,20,report_period,2024-03-31,0.10804166234777636,4685
sue,20,report_period,2024-06-30,-0.14647325091408273,4694
sue,40,report_period,2019-03-31,0.07267983077369827,3255
sue,40,report_period,2019-06-30,0.10589542852763549,3280
sue,40,report_period,2019-09-30,-0.009710423511879734,3315
sue,40,report_period,2019-12-31,-0.04619991193317046,3365
sue,40,report_period,2020-03-31,0.08655007377911468,3396
sue,40,report_period,2020-06-30,-0.0042274075215697786,3469
sue,40,report_period,2020-09-30,0.02436652657645162,3569
sue,40,report_period,2020-12-31,-0.06870966947597767,3677
sue,40,report_period,2021-03-31,0.06825246905282706,3740
sue,40,report_period,2021-06-30,-0.03149087769253723,3889
sue,40,report_period,2021-09-30,-0.19889654964704978,3963
sue,40,report_period,2021-12-31,-0.08324056518266362,4114
sue,40,report_period,2022-03-31,0.01870180847814918,4155
sue,40,report_period,2022-06-30,-0.0654517625878959,4237
sue,40,report_period,2022-09-30,-0.14894708705483697,4310
sue,40,report_period,2022-12-31,-0.02721215272351968,4428
sue,40,report_period,2023-03-31,-0.006830441346146872,4475
sue,40,report_period,2023-06-30,-0.12437635117728468,4581
sue,40,report_period,2023-09-30,-0.008462614894627282,4626
sue,40,report_period,2023-12-31,0.020479790297575313,4678
sue,40,report_period,2024-03-31,0.15573343073724163,4685
sue,40,report_period,2024-06-30,-0.09299994309620177,4693
sue,60,report_period,2019-03-31,0.127475345834782,3255
sue,60,report_period,2019-06-30,0.07528467459321868,3280
sue,60,report_period,2019-09-30,0.083615690139288,3315
sue,60,report_period,2019-12-31,-0.021871260580473107,3367
sue,60,report_period,2020-03-31,0.11963454966337966,3395
sue,60,report_period,2020-06-30,-0.06289838162197885,3469
sue,60,report_period,2020-09-30,0.1298419218736441,3569
sue,60,report_period,2020-12-31,-0.013738081360605644,3677
sue,60,report_period,2021-03-31,0.15669187232838708,3740
sue,60,report_period,2021-06-30,-0.11318600578938305,3889
sue,60,report_period,2021-09-30,-0.17469166148120732,3963
sue,60,report_period,2021-12-31,-0.08305100687993525,4115
sue,60,report_period,2022-03-31,0.018262722422530877,4155
sue,60,report_period,2022-06-30,-0.12059754858603988,4237
sue,60,report_period,2022-09-30,-0.11562708460104708,4310
sue,60,report_period,2022-12-31,-0.07054480060243537,4428
sue,60,report_period,2023-03-31,-0.03354310592312931,4475
sue,60,report_period,2023-06-30,-0.13514474364760745,4581
sue,60,report_period,2023-09-30,0.1574347026884679,4626
sue,60,report_period,2023-12-31,0.027680764155687574,4678
sue,60,report_period,2024-03-31,0.12858212041296552,4685
sue,60,report_period,2024-06-30,-0.14984155810297775,235
sue_w,1,report_period,2019-03-31,0.06489528397869951,3255
sue_w,1,report_period,2019-06-30,0.00169430788496983,3280
sue_w,1,report_period,2019-09-30,0.02273318605491621,3315
sue_w,1,report_period,2019-12-31,0.006021353026363019,3367
sue_w,1,report_period,2020-03-31,0.06923978345786867,3396
sue_w,1,report_period,2020-06-30,0.025020194638199503,3469
sue_w,1,report_period,2020-09-30,-0.020914077068910325,3569
sue_w,1,report_period,2020-12-31,0.03808781209465815,3677
sue_w,1,report_period,2021-03-31,0.07427090598560097,3740
sue_w,1,report_period,2021-06-30,0.015213674694352027,3889
sue_w,1,report_period,2021-09-30,-0.06715541866479191,3963
sue_w,1,report_period,2021-12-31,-0.01180166158860439,4115
sue_w,1,report_period,2022-03-31,0.0709616477864552,4155
sue_w,1,report_period,2022-06-30,-0.03497345901912215,4237
sue_w,1,report_period,2022-09-30,-0.05182836584133742,4310
sue_w,1,report_period,2022-12-31,-0.008418675622195759,4428
sue_w,1,report_period,2023-03-31,0.08325511797841248,4475
sue_w,1,report_period,2023-06-30,-0.03150119175606543,4581
sue_w,1,report_period,2023-09-30,-0.03628859633336168,4626
sue_w,1,report_period,2023-12-31,-0.03609911642010572,4678
sue_w,1,report_period,2024-03-31,0.04895904365968913,4685
sue_w,1,report_period,2024-06-30,-0.018790918611576193,4694
sue_w,5,report_period,2019-03-31,0.03230691144002649,3255
sue_w,5,report_period,2019-06-30,0.015292174357184513,3280
sue_w,5,report_period,2019-09-30,0.0859447981461501,3315
sue_w,5,report_period,2019-12-31,-0.012919480889760988,3367
sue_w,5,report_period,2020-03-31,0.08390336069738391,3396
sue_w,5,report_period,2020-06-30,-0.041776573777471425,3469
sue_w,5,report_period,2020-09-30,-0.06200142793567897,3569
sue_w,5,report_period,2020-12-31,-0.044895005154133485,3677
sue_w,5,report_period,2021-03-31,0.056868921992331706,3740
sue_w,5,report_period,2021-06-30,-0.01780734035658755,3889
sue_w,5,report_period,2021-09-30,-0.17084327027960253,3963
sue_w,5,report_period,2021-12-31,-0.09058066444459191,4115
sue_w,5,report_period,2022-03-31,0.026391883457572207,4155
sue_w,5,report_period,2022-06-30,-0.03944860021824836,4237
sue_w,5,report_period,2022-09-30,-0.08120540031102078,4310
sue_w,5,report_period,2022-12-31,-0.04429450662525738,4428
sue_w,5,report_period,2023-03-31,0.02656198590527212,4475
sue_w,5,report_period,2023-06-30,-0.07003414521365309,4581
sue_w,5,report_period,2023-09-30,-0.14486654111669184,4626
sue_w,5,report_period,2023-12-31,-0.07437960265297268,4678
sue_w,5,report_period,2024-03-31,0.03689278745022743,4685
sue_w,5,report_period,2024-06-30,-0.023863136059430648,4693
sue_w,10,report_period,2019-03-31,0.03773301765373193,3255
sue_w,10,report_period,2019-06-30,-0.03244131062176511,3280
sue_w,10,report_period,2019-09-30,0.0640016057022108,3315
sue_w,10,report_period,2019-12-31,-0.018333116985679868,3367
sue_w,10,report_period,2020-03-31,0.07444247940539829,3396
sue_w,10,report_period,2020-06-30,-0.07288036485616674,3469
sue_w,10,report_period,2020-09-30,-0.10027852034893901,3569
sue_w,10,report_period,2020-12-31,-0.08370505111346623,3677
sue_w,10,report_period,2021-03-31,0.05169028249031534,3740
sue_w,10,report_period,2021-06-30,0.007172804545794514,3889
sue_w,10,report_period,2021-09-30,-0.22510002639542104,3963
sue_w,10,report_period,2021-12-31,-0.0852921225229185,4115
sue_w,10,report_period,2022-03-31,0.013755367359367594,4155
sue_w,10,report_period,2022-06-30,-0.029762643210679736,4237
sue_w,10,report_period,2022-09-30,-0.12319022319214389,4310
sue_w,10,report_period,2022-12-31,-0.05729612365417008,4428
sue_w,10,report_period,2023-03-31,-0.026670875275464214,4475
sue_w,10,report_period,2023-06-30,-0.09646750014704793,4581
sue_w,10,report_period,2023-09-30,-0.15291520129761732,4626
sue_w,10,report_period,2023-12-31,-0.016364823373296006,4678
sue_w,10,report_period,2024-03-31,0.10096941506124933,4685
sue_w,10,report_period,2024-06-30,-0.008169181456931582,4693
sue_w,20,report_period,2019-03-31,0.04594368010479301,3255
sue_w,20,report_period,2019-06-30,0.013293822317898087,3280
sue_w,20,report_period,2019-09-30,0.025661998197347605,3315
sue_w,20,report_period,2019-12-31,-0.04785585289639828,3367
sue_w,20,report_period,2020-03-31,0.01871711900688941,3396
sue_w,20,report_period,2020-06-30,-0.04440714246922425,3469
sue_w,20,report_period,2020-09-30,-0.09445561531452808,3568
sue_w,20,report_period,2020-12-31,-0.10022450206562289,3677
sue_w,20,report_period,2021-03-31,0.026508373879007056,3740
sue_w,20,report_period,2021-06-30,0.013211306121066258,3889
sue_w,20,report_period,2021-09-30,-0.13165791375385552,3963
sue_w,20,report_period,2021-12-31,-0.09994823115071172,4115
sue_w,20,report_period,2022-03-31,0.0038897625274354744,4154
sue_w,20,report_period,2022-06-30,0.013294472133082514,4237
sue_w,20,report_period,2022-09-30,-0.13018393150185292,4310
sue_w,20,report_period,2022-12-31,-0.04941106288883477,4428
sue_w,20,report_period,2023-03-31,-0.04715986567306777,4475
sue_w,20,report_period,2023-06-30,-0.0698221701529714,4581
sue_w,20,report_period,2023-09-30,-0.0883954880237206,4626
sue_w,20,report_period,2023-12-31,-0.015467693239839831,4678
sue_w,20,report_period,2024-03-31,0.10807711151392899,4685
sue_w,20,report_period,2024-06-30,-0.14647605057893134,4694
sue_w,40,report_period,2019-03-31,0.07266550199527996,3255
sue_w,40,report_period,2019-06-30,0.10587355907822193,3280
sue_w,40,report_period,2019-09-30,-0.009736179436417613,3315
sue_w,40,report_period,2019-12-31,-0.04622269025973244,3365
sue_w,40,report_period,2020-03-31,0.08651802314942872,3396
sue_w,40,report_period,2020-06-30,-0.004219581263255194,3469
sue_w,40,report_period,2020-09-30,0.024371902682623885,3569
sue_w,40,report_period,2020-12-31,-0.06869286281279792,3677
sue_w,40,report_period,2021-03-31,0.06826521479781457,3740
sue_w,40,report_period,2021-06-30,-0.03150764425411313,3889
sue_w,40,report_period,2021-09-30,-0.19892548448114986,3963
sue_w,40,report_period,2021-12-31,-0.08323667606698207,4114
sue_w,40,report_period,2022-03-31,0.01867396099867635,4155
sue_w,40,report_period,2022-06-30,-0.06544195336599964,4237
sue_w,40,report_period,2022-09-30,-0.14894410368975003,4310
sue_w,40,report_period,2022-12-31,-0.027204694096094162,4428
sue_w,40,report_period,2023-03-31,-0.006806439467440619,4475
sue_w,40,report_period,2023-06-30,-0.12437754989028345,4581
sue_w,40,report_period,2023-09-30,-0.00845443709111532,4626
sue_w,40,report_period,2023-12-31,0.02047583343330098,4678
sue_w,40,report_period,2024-03-31,0.15576571295233324,4685
sue_w,40,report_period,2024-06-30,-0.09299279441487049,4693
sue_w,60,report_period,2019-03-31,0.12741647707442952,3255
sue_w,60,report_period,2019-06-30,0.07528854022585756,3280
sue_w,60,report_period,2019-09-30,0.08362154604814985,3315
sue_w,60,report_period,2019-12-31,-0.021884734652565817,3367
sue_w,60,report_period,2020-03-31,0.11962850639122549,3395
sue_w,60,report_period,2020-06-30,-0.06286840928801266,3469
sue_w,60,report_period,2020-09-30,0.1298494767336994,3569
sue_w,60,report_period,2020-12-31,-0.013711300392520234,3677
sue_w,60,report_period,2021-03-31,0.15669930018725092,3740
sue_w,60,report_period,2021-06-30,-0.11316996180056486,3889
sue_w,60,report_period,2021-09-30,-0.17468688639037125,3963
sue_w,60,report_period,2021-12-31,-0.0830328311048575,4115
sue_w,60,report_period,2022-03-31,0.018270647803911362,4155
sue_w,60,report_period,2022-06-30,-0.12057637849487934,4237
sue_w,60,report_period,2022-09-30,-0.11563837821315995,4310
sue_w,60,report_period,2022-12-31,-0.0705397055968997,4428
sue_w,60,report_period,2023-03-31,-0.03352242189524062,4475
sue_w,60,report_period,2023-06-30,-0.13513295580593415,4581
sue_w,60,report_period,2023-09-30,0.1574059151392897,4626
sue_w,60,report_period,2023-12-31,0.027680419632574924,4678
sue_w,60,report_period,2024-03-31,0.1286174634554348,4685
sue_w,60,report_period,2024-06-30,-0.14988813800598436,235
sue_z,1,report_period,2019-03-31,0.06489528397869951,3255
sue_z,1,report_period,2019-06-30,0.00169430788496983,3280
sue_z,1,report_period,2019-09-30,0.02273318605491621,3315
sue_z,1,report_period,2019-12-31,0.006021353026363019,3367
sue_z,1,report_period,2020-03-31,0.06923978345786867,3396
sue_z,1,report_period,2020-06-30,0.025020194638199503,3469
sue_z,1,report_period,2020-09-30,-0.020914077068910325,3569
sue_z,1,report_period,2020-12-31,0.03808781209465815,3677
sue_z,1,report_period,2021-03-31,0.07427090598560097,3740
sue_z,1,report_period,2021-06-30,0.015213674694352027,3889
sue_z,1,report_period,2021-09-30,-0.06715541866479191,3963
sue_z,1,report_period,2021-12-31,-0.01180166158860439,4115
sue_z,1,report_period,2022-03-31,0.0709616548158927,4155
sue_z,1,report_period,2022-06-30,-0.03497345901912215,4237
sue_z,1,report_period,2022-09-30,-0.05182836584133742,4310
sue_z,1,report_period,2022-12-31,-0.008418675622195759,4428
sue_z,1,report_period,2023-03-31,0.08325519163206016,4475
sue_z,1,report_period,2023-06-30,-0.03150119175606543,4581
sue_z,1,report_period,2023-09-30,-0.03628859633336168,4626
sue_z,1,report_period,2023-12-31,-0.03609911642010572,4678
sue_z,1,report_period,2024-03-31,0.04895904365968913,4685
sue_z,1,report_period,2024-06-30,-0.018790918611576193,4694
sue_z,5,report_period,2019-03-31,0.03230691144002649,3255
sue_z,5,report_period,2019-06-30,0.015292174357184513,3280
sue_z,5,report_period,2019-09-30,0.0859447981461501,3315
sue_z,5,report_period,2019-12-31,-0.012919480889760988,3367
sue_z,5,report_period,2020-03-31,0.08390336069738391,3396
sue_z,5,report_period,2020-06-30,-0.041776573777471425,3469
sue_z,5,report_period,2020-09-30,-0.06200142793567897,3569
sue_z,5,report_period,2020-12-31,-0.044895005154133485,3677
sue_z,5,report_period,2021-03-31,0.056868921992331706,3740
sue_z,5,report_period,2021-06-30,-0.01780734035658755,3889
sue_z,5,report_period,2021-09-30,-0.17084327027960253,3963
sue_z,5,report_period,2021-12-31,-0.09058066444459191,4115
sue_z,5,report_period,2022-03-31,0.02639211633588467,4155
sue_z,5,report_period,2022-06-30,-0.03944860021824836,4237
sue_z,5,report_period,2022-09-30,-0.08120540031102078,4310
sue_z,5,report_period,2022-12-31,-0.04429450662525738,4428
sue_z,5,report_period,2023-03-31,0.02656196367710801,4475
sue_z,5,report_period,2023-06-30,-0.07003414521365309,4581
sue_z,5,report_period,2023-09-30,-0.14486654111669184,4626
sue_z,5,report_period,2023-12-31,-0.07437960265297268,4678
sue_z,5,report_period,2024-03-31,0.03689278745022743,4685
sue_z,5,report_period,2024-06-30,-0.023863136059430648,4693
sue_z,10,report_period,2019-03-31,0.03773301765373193,3255
sue_z,10,report_period,2019-06-30,-0.03244131062176511,3280
sue_z,10,report_period,2019-09-30,0.0640016057022108,3315
sue_z,10,report_period,2019-12-31,-0.018333116985679868,3367
sue_z,10,report_period,2020-03-31,0.07444247940539829,3396
sue_z,10,report_period,2020-06-30,-0.07288036485616674,3469
sue_z,10,report_period,2020-09-30,-0.10027852034893901,3569
sue_z,10,report_period,2020-12-31,-0.08370505111346623,3677
sue_z,10,report_period,2021-03-31,0.05169028249031534,3740
sue_z,10,report_period,2021-06-30,0.007172804545794514,3889
sue_z,10,report_period,2021-09-30,-0.22510002639542104,3963
sue_z,10,report_period,2021-12-31,-0.0852921225229185,4115
sue_z,10,report_period,2022-03-31,0.013755581332529854,4155
sue_z,10,report_period,2022-06-30,-0.029762643210679736,4237
sue_z,10,report_period,2022-09-30,-0.12319022319214389,4310
sue_z,10,report_period,2022-12-31,-0.05729612365417008,4428
sue_z,10,report_period,2023-03-31,-0.026670820239382158,4475
sue_z,10,report_period,2023-06-30,-0.09646750014704793,4581
sue_z,10,report_period,2023-09-30,-0.15291520129761732,4626
sue_z,10,report_period,2023-12-31,-0.016364823373296006,4678
sue_z,10,report_period,2024-03-31,0.10096941506124933,4685
sue_z,10,report_period,2024-06-30,-0.008169181456931582,4693
sue_z,20,report_period,2019-03-31,0.04594368010479301,3255
sue_z,20,report_period,2019-06-30,0.013293822317898087,3280
sue_z,20,report_period,2019-09-30,0.025661998197347605,3315
sue_z,20,report_period,2019-12-31,-0.04785585289639828,3367
sue_z,20,report_period,2020-03-31,0.01871711900688941,3396
sue_z,20,report_period,2020-06-30,-0.04440714246922425,3469
sue_z,20,report_period,2020-09-30,-0.09445561531452808,3568
sue_z,20,report_period,2020-12-31,-0.10022450206562289,3677
sue_z,20,report_period,2021-03-31,0.026508373879007056,3740
sue_z,20,report_period,2021-06-30,0.013211306121066258,3889
sue_z,20,report_period,2021-09-30,-0.13165791375385552,3963
sue_z,20,report_period,2021-12-31,-0.09994823115071172,4115
sue_z,20,report_period,2022-03-31,0.0038899781614720914,4154
sue_z,20,report_period,2022-06-30,0.013294472133082514,4237
sue_z,20,report_period,2022-09-30,-0.13018393150185292,4310
sue_z,20,report_period,2022-12-31,-0.04941106288883477,4428
sue_z,20,report_period,2023-03-31,-0.047159951510826095,4475
sue_z,20,report_period,2023-06-30,-0.0698221701529714,4581
sue_z,20,report_period,2023-09-30,-0.0883954880237206,4626
sue_z,20,report_period,2023-12-31,-0.015467693239839831,4678
sue_z,20,report_period,2024-03-31,0.10807711151392899,4685
sue_z,20,report_period,2024-06-30,-0.14647605057893134,4694
sue_z,40,report_period,2019-03-31,0.07266550199527996,3255
sue_z,40,report_period,2019-06-30,0.10587355907822193,3280
sue_z,40,report_period,2019-09-30,-0.009736179436417613,3315
sue_z,40,report_period,2019-12-31,-0.04622269025973244,3365
sue_z,40,report_period,2020-03-31,0.08651802314942872,3396
sue_z,40,report_period,2020-06-30,-0.004219581263255194,3469
sue_z,40,report_period,2020-09-30,0.024371902682623885,3569
sue_z,40,report_period,2020-12-31,-0.06869286281279792,3677
sue_z,40,report_period,2021-03-31,0.06826521479781457,3740
sue_z,40,report_period,2021-06-30,-0.03150764425411313,3889
sue_z,40,report_period,2021-09-30,-0.19892548448114986,3963
sue_z,40,report_period,2021-12-31,-0.08323667606698207,4114
sue_z,40,report_period,2022-03-31,0.018674068403968364,4155
sue_z,40,report_period,2022-06-30,-0.06544195336599964,4237
sue_z,40,report_period,2022-09-30,-0.14894410368975003,4310
sue_z,40,report_period,2022-12-31,-0.027204694096094162,4428
sue_z,40,report_period,2023-03-31,-0.006806312588137179,4475
sue_z,40,report_period,2023-06-30,-0.12437754989028345,4581
sue_z,40,report_period,2023-09-30,-0.00845443709111532,4626
sue_z,40,report_period,2023-12-31,0.02047583343330098,4678
sue_z,40,report_period,2024-03-31,0.15576571295233324,4685
sue_z,40,report_period,2024-06-30,-0.09299279441487049,4693
sue_z,60,report_period,2019-03-31,0.12741647707442952,3255
sue_z,60,report_period,2019-06-30,0.07528854022585756,3280
sue_z,60,report_period,2019-09-30,0.08362154604814985,3315
sue_z,60,report_period,2019-12-31,-0.021884734652565817,3367
sue_z,60,report_period,2020-03-31,0.11962850639122549,3395
sue_z,60,report_period,2020-06-30,-0.06286840928801266,3469
sue_z,60,report_period,2020-09-30,0.1298494767336994,3569
sue_z,60,report_period,2020-12-31,-0.013711300392520234,3677
sue_z,60,report_period,2021-03-31,0.15669930018725092,3740
sue_z,60,report_period,2021-06-30,-0.11316996180056486,3889
sue_z,60,report_period,2021-09-30,-0.17468688639037125,3963
sue_z,60,report_period,2021-12-31,-0.0830328311048575,4115
sue_z,60,report_period,2022-03-31,0.018270702427063096,4155
sue_z,60,report_period,2022-06-30,-0.12057637849487934,4237
sue_z,60,report_period,2022-09-30,-0.11563837821315995,4310
sue_z,60,report_period,2022-12-31,-0.0705397055968997,4428
sue_z,60,report_period,2023-03-31,-0.03352215347418785,4475
sue_z,60,report_period,2023-06-30,-0.13513295580593415,4581
sue_z,60,report_period,2023-09-30,0.1574059151392897,4626
sue_z,60,report_period,2023-12-31,0.027680419632574924,4678
sue_z,60,report_period,2024-03-31,0.1286174634554348,4685
sue_z,60,report_period,2024-06-30,-0.14988813800598436,235
sue_ind_neutral,1,report_period,2019-03-31,0.0585138921683403,3255
sue_ind_neutral,1,report_period,2019-06-30,-0.002477982058858619,3280
sue_ind_neutral,1,report_period,2019-09-30,0.017741498749059843,3315
sue_ind_neutral,1,report_period,2019-12-31,0.014566660390691917,3367
sue_ind_neutral,1,report_period,2020-03-31,0.05156577233774272,3396
sue_ind_neutral,1,report_period,2020-06-30,0.0037608025025034713,3469
sue_ind_neutral,1,report_period,2020-09-30,-0.01793842348214078,3569
sue_ind_neutral,1,report_period,2020-12-31,0.024499283783670025,3677
sue_ind_neutral,1,report_period,2021-03-31,0.05225196512822877,3740
sue_ind_neutral,1,report_period,2021-06-30,-0.003194615528774991,3889
sue_ind_neutral,1,report_period,2021-09-30,-0.036324133125781186,3963
sue_ind_neutral,1,report_period,2021-12-31,-0.0008170052799524193,4115
sue_ind_neutral,1,report_period,2022-03-31,0.05257969932654946,4155
sue_ind_neutral,1,report_period,2022-06-30,-0.01602730113314121,4237
sue_ind_neutral,1,report_period,2022-09-30,-0.04308262759695631,4310
sue_ind_neutral,1,report_period,2022-12-31,0.006014372740865244,4428
sue_ind_neutral,1,report_period,2023-03-31,0.03997119604621002,4475
sue_ind_neutral,1,report_period,2023-06-30,-0.020092573792406598,4581
sue_ind_neutral,1,report_period,2023-09-30,-0.03476574367548761,4626
sue_ind_neutral,1,report_period,2023-12-31,-0.02282950462318462,4678
sue_ind_neutral,1,report_period,2024-03-31,0.04656787466934305,4685
sue_ind_neutral,1,report_period,2024-06-30,-0.0067015402714590624,4694
sue_ind_neutral,5,report_period,2019-03-31,0.02969796847978453,3255
sue_ind_neutral,5,report_period,2019-06-30,0.01855701367970085,3280
sue_ind_neutral,5,report_period,2019-09-30,0.0645370293851794,3315
sue_ind_neutral,5,report_period,2019-12-31,0.0035161723576337084,3367
sue_ind_neutral,5,report_period,2020-03-31,0.04672942557317908,3396
sue_ind_neutral,5,report_period,2020-06-30,-0.042938735471935434,3469
sue_ind_neutral,5,report_period,2020-09-30,-0.05133723551026186,3569
sue_ind_neutral,5,report_period,2020-12-31,-0.04459639955693646,3677
sue_ind_neutral,5,report_period,2021-03-31,0.04737532269729429,3740
sue_ind_neutral,5,report_period,2021-06-30,-0.021972317853173873,3889
sue_ind_neutral,5,report_period,2021-09-30,-0.1005245422981142,3963
sue_ind_neutral,5,report_period,2021-12-31,-0.07183257145964704,4115
sue_ind_neutral,5,report_period,2022-03-31,0.03197862266576694,4155
sue_ind_neutral,5,report_period,2022-06-30,-0.011445803990767809,4237
sue_ind_neutral,5,report_period,2022-09-30,-0.07953350901242356,4310
sue_ind_neutral,5,report_period,2022-12-31,-0.025666309122439245,4428
sue_ind_neutral,5,report_period,2023-03-31,0.006975606900838775,4475
sue_ind_neutral,5,report_period,2023-06-30,-0.020849812843951033,4581
sue_ind_neutral,5,report_period,2023-09-30,-0.10969162652013133,4626
sue_ind_neutral,5,report_period,2023-12-31,-0.053542298461662106,4678
sue_ind_neutral,5,report_period,2024-03-31,0.021581315843212167,4685
sue_ind_neutral,5,report_period,2024-06-30,0.00032958660727478665,4693
sue_ind_neutral,10,report_period,2019-03-31,0.03887684214306839,3255
sue_ind_neutral,10,report_period,2019-06-30,-0.0230912275845779,3280
sue_ind_neutral,10,report_period,2019-09-30,0.05541889053641849,3315
sue_ind_neutral,10,report_period,2019-12-31,-0.005550429584776594,3367
sue_ind_neutral,10,report_period,2020-03-31,0.038153293657475405,3396
sue_ind_neutral,10,report_period,2020-06-30,-0.04656073560205995,3469
sue_ind_neutral,10,report_period,2020-09-30,-0.06845721595440006,3569
sue_ind_neutral,10,report_period,2020-12-31,-0.07454843532898102,3677
sue_ind_neutral,10,report_period,2021-03-31,0.07305160290627309,3740
sue_ind_neutral,10,report_period,2021-06-30,-0.025487625421304286,3889
sue_ind_neutral,10,report_period,2021-09-30,-0.14811806363797386,3963
sue_ind_neutral,10,report_period,2021-12-31,-0.06278406096701154,4115
sue_ind_neutral,10,report_period,2022-03-31,0.009370285214728175,4155
sue_ind_neutral,10,report_period,2022-06-30,-0.007820699372122542,4237
sue_ind_neutral,10,report_period,2022-09-30,-0.08375047068348122,4310
sue_ind_neutral,10,report_period,2022-12-31,-0.04956542238698866,4428
sue_ind_neutral,10,report_period,2023-03-31,-0.012430055261779602,4475
sue_ind_neutral,10,report_period,2023-06-30,-0.04687171702825514,4581
sue_ind_neutral,10,report_period,2023-09-30,-0.09910601234753619,4626
sue_ind_neutral,10,report_period,2023-12-31,-0.012684410172296979,4678
sue_ind_neutral,10,report_period,2024-03-31,0.08350089493343296,4685
sue_ind_neutral,10,report_period,2024-06-30,0.024990960692219333,4693
sue_ind_neutral,20,report_period,2019-03-31,0.04250500865051896,3255
sue_ind_neutral,20,report_period,2019-06-30,0.013618357149825153,3280
sue_ind_neutral,20,report_period,2019-09-30,0.030248711673953665,3315
sue_ind_neutral,20,report_period,2019-12-31,-0.03130512347513674,3367
sue_ind_neutral,20,report_period,2020-03-31,0.03132232348165008,3396
sue_ind_neutral,20,report_period,2020-06-30,-0.026828316187248263,3469
sue_ind_neutral,20,report_period,2020-09-30,-0.06369781300567216,3568
sue_ind_neutral,20,report_period,2020-12-31,-0.10204684918620574,3677
sue_ind_neutral,20,report_period,2021-03-31,0.04305620527832726,3740
sue_ind_neutral,20,report_period,2021-06-30,0.0020306758554060776,3889
sue_ind_neutral,20,report_period,2021-09-30,-0.1009675750501146,3963
sue_ind_neutral,20,report_period,2021-12-31,-0.08673837886679847,4115
sue_ind_neutral,20,report_period,2022-03-31,-0.018214587501478103,4154
sue_ind_neutral,20,report_period,2022-06-30,0.02557707453408113,4237
sue_ind_neutral,20,report_period,2022-09-30,-0.08132312692921977,4310
sue_ind_neutral,20,report_period,2022-12-31,-0.05084251048092942,4428
sue_ind_neutral,20,report_period,2023-03-31,0.0014761571610854012,4475
sue_ind_neutral,20,report_period,2023-06-30,-0.03732809544363446,4581
sue_ind_neutral,20,report_period,2023-09-30,-0.0762624870152016,4626
sue_ind_neutral,20,report_period,2023-12-31,-0.00787013413411175,4678
sue_ind_neutral,20,report_period,2024-03-31,0.07574910207009149,4685
sue_ind_neutral,20,report_period,2024-06-30,-0.10162523171577043,4694
sue_ind_neutral,40,report_period,2019-03-31,0.04919047220032445,3255
sue_ind_neutral,40,report_period,2019-06-30,0.08192054440123443,3280
sue_ind_neutral,40,report_period,2019-09-30,0.022118801653360828,3315
sue_ind_neutral,40,report_period,2019-12-31,-0.02050061518389605,3365
sue_ind_neutral,40,report_period,2020-03-31,0.06307085984436285,3396
sue_ind_neutral,40,report_period,2020-06-30,-0.006205154514258481,3469
sue_ind_neutral,40,report_period,2020-09-30,0.0006456766403702649,3569
sue_ind_neutral,40,report_period,2020-12-31,-0.08233770247978021,3677
sue_ind_neutral,40,report_period,2021-03-31,0.05457989809578822,3740
sue_ind_neutral,40,report_period,2021-06-30,-0.011381422026234036,3889
sue_ind_neutral,40,report_period,2021-09-30,-0.12607889299580663,3963
sue_ind_neutral,40,report_period,2021-12-31,-0.0718262941181853,4114
sue_ind_neutral,40,report_period,2022-03-31,0.013429380216875307,4155
sue_ind_neutral,40,report_period,2022-06-30,-0.03552347802752631,4237
sue_ind_neutral,40,report_period,2022-09-30,-0.09299260022645683,4310
sue_ind_neutral,40,report_period,2022-12-31,-0.034263861747632525,4428
sue_ind_neutral,40,report_period,2023-03-31,0.02693325309823953,4475
sue_ind_neutral,40,report_period,2023-06-30,-0.0801362664526352,4581
sue_ind_neutral,40,report_period,2023-09-30,-0.013878251564580885,4626
sue_ind_neutral,40,report_period,2023-12-31,0.031210106298090304,4678
sue_ind_neutral,40,report_period,2024-03-31,0.12104902620888693,4685
sue_ind_neutral,40,report_period,2024-06-30,-0.0228611175081028,4693
sue_ind_neutral,60,report_period,2019-03-31,0.10077046107030593,3255
sue_ind_neutral,60,report_period,2019-06-30,0.06437955182556349,3280
sue_ind_neutral,60,report_period,2019-09-30,0.11233567900528844,3315
sue_ind_neutral,60,report_period,2019-12-31,-0.0024030120045583094,3367
sue_ind_neutral,60,report_period,2020-03-31,0.0908368913852418,3395
sue_ind_neutral,60,report_period,2020-06-30,-0.0450398268241089,3469
sue_ind_neutral,60,report_period,2020-09-30,0.1044143559839809,3569
sue_ind_neutral,60,report_period,2020-12-31,-0.03924578419504388,3677
sue_ind_neutral,60,report_period,2021-03-31,0.0905475570114474,3740
sue_ind_neutral,60,report_period,2021-06-30,-0.07085097057274078,3889
sue_ind_neutral,60,report_period,2021-09-30,-0.09281617386055871,3963
sue_ind_neutral,60,report_period,2021-12-31,-0.07058652327539089,4115
sue_ind_neutral,60,report_period,2022-03-31,0.015413796145161765,4155
sue_ind_neutral,60,report_period,2022-06-30,-0.06130750156860913,4237
sue_ind_neutral,60,report_period,2022-09-30,-0.06302492719625227,4310
sue_ind_neutral,60,report_period,2022-12-31,-0.06989076302532549,4428
sue_ind_neutral,60,report_period,2023-03-31,-0.0191504464829957,4475
sue_ind_neutral,60,report_period,2023-06-30,-0.09480313208430731,4581
sue_ind_neutral,60,report_period,2023-09-30,0.10129894197962107,4626
sue_ind_neutral,60,report_period,2023-12-31,0.028029767857711482,4678
sue_ind_neutral,60,report_period,2024-03-31,0.1012076838783385,4685
sue_ind_neutral,60,report_period,2024-06-30,-0.061292500023116675,235
sue_neutral,1,report_period,2019-03-31,0.0527194734384117,3254
sue_neutral,1,report_period,2019-06-30,-0.008130621684899938,3280
sue_neutral,1,report_period,2019-09-30,0.00654645877474044,3315
sue_neutral,1,report_period,2019-12-31,0.011185404346042807,3367
sue_neutral,1,report_period,2020-03-31,0.05189752532902462,3396
sue_neutral,1,report_period,2020-06-30,0.00556842798434184,3469
sue_neutral,1,report_period,2020-09-30,-0.02244090272149524,3568
sue_neutral,1,report_period,2020-12-31,0.011328099081973082,3677
sue_neutral,1,report_period,2021-03-31,0.049140107743464397,3740
sue_neutral,1,report_period,2021-06-30,-0.00841353546747067,3889
sue_neutral,1,report_period,2021-09-30,-0.03353991122554105,3963
sue_neutral,1,report_period,2021-12-31,0.008766658781326807,4115
sue_neutral,1,report_period,2022-03-31,0.07549932661217044,4155
sue_neutral,1,report_period,2022-06-30,-0.004314637483399936,4237
sue_neutral,1,report_period,2022-09-30,-0.04576112271861781,4310
sue_neutral,1,report_period,2022-12-31,0.003617030657952505,4428
sue_neutral,1,report_period,2023-03-31,0.05200434327770849,4475
sue_neutral,1,report_period,2023-06-30,-0.01767745423795125,4581
sue_neutral,1,report_period,2023-09-30,-0.022453666339074283,4626
sue_neutral,1,report_period,2023-12-31,-0.006241158011772968,4678
sue_neutral,1,report_period,2024-03-31,0.06070625185429473,4685
sue_neutral,1,report_period,2024-06-30,-0.001633876393641685,4694
sue_neutral,5,report_period,2019-03-31,0.030900567223872064,3254
sue_neutral,5,report_period,2019-06-30,0.01809879974900006,3280
sue_neutral,5,report_period,2019-09-30,0.039741060338103804,3315
sue_neutral,5,report_period,2019-12-31,-0.0021791286803587674,3367
sue_neutral,5,report_period,2020-03-31,0.04633762680733111,3396
sue_neutral,5,report_period,2020-06-30,-0.023981586659743103,3469
sue_neutral,5,report_period,2020-09-30,-0.07163577642706362,3568
sue_neutral,5,report_period,2020-12-31,-0.04269522569509339,3677
sue_neutral,5,report_period,2021-03-31,0.05866102985878136,3740
sue_neutral,5,report_period,2021-06-30,-0.022335635401820094,3889
sue_neutral,5,report_period,2021-09-30,-0.07594237999679726,3963
sue_neutral,5,report_period,2021-12-31,-0.045686022000639336,4115
sue_neutral,5,report_period,2022-03-31,0.07731006884301199,4155
sue_neutral,5,report_period,2022-06-30,0.0008758869347951184,4237
sue_neutral,5,report_period,2022-09-30,-0.0693866476566164,4310
sue_neutral,5,report_period,2022-12-31,-0.026699024451109474,4428
sue_neutral,5,report_period,2023-03-31,0.019067469376242808,4475
sue_neutral,5,report_period,2023-06-30,-0.008754060862419076,4581
sue_neutral,5,report_period,2023-09-30,-0.08912848788685435,4626
sue_neutral,5,report_period,2023-12-31,-0.028304030445216035,4678
sue_neutral,5,report_period,2024-03-31,0.034329776082480404,4685
sue_neutral,5,report_period,2024-06-30,0.006823235878587597,4693
sue_neutral,10,report_period,2019-03-31,0.04883228093876311,3254
sue_neutral,10,report_period,2019-06-30,-0.013353397659835937,3280
sue_neutral,10,report_period,2019-09-30,0.03080148951119565,3315
sue_neutral,10,report_period,2019-12-31,-0.0076852874509141696,3367
sue_neutral,10,report_period,2020-03-31,0.037644448664104595,3396
sue_neutral,10,report_period,2020-06-30,-0.03024459392397254,3469
sue_neutral,10,report_period,2020-09-30,-0.08517300952501482,3568
sue_neutral,10,report_period,2020-12-31,-0.07338461700631385,3677
sue_neutral,10,report_period,2021-03-31,0.07836943803182213,3740
sue_neutral,10,report_period,2021-06-30,-0.027178425871292818,3889
sue_neutral,10,report_period,2021-09-30,-0.0913294552811749,3963
sue_neutral,10,report_period,2021-12-31,-0.030327340880100927,4115
sue_neutral,10,report_period,2022-03-31,0.05626220602072386,4155
sue_neutral,10,report_period,2022-06-30,-0.008180023974657167,4237
sue_neutral,10,report_period,2022-09-30,-0.06770358712527999,4310
sue_neutral,10,report_period,2022-12-31,-0.0403695497040891,4428
sue_neutral,10,report_period,2023-03-31,0.015010589715379581,4475
sue_neutral,10,report_period,2023-06-30,-0.041795807243575206,4581
sue_neutral,10,report_period,2023-09-30,-0.06215088714335987,4626
sue_neutral,10,report_period,2023-12-31,-0.0020940101642795772,4678
sue_neutral,10,report_period,2024-03-31,0.09385241719151076,4685
sue_neutral,10,report_period,2024-06-30,0.027976109904653466,4693
sue_neutral,20,report_period,2019-03-31,0.054329506435470465,3254
sue_neutral,20,report_period,2019-06-30,0.026450563681600432,3280
sue_neutral,20,report_period,2019-09-30,-0.005505751065527172,3315
sue_neutral,20,report_period,2019-12-31,-0.030905506750269474,3367
sue_neutral,20,report_period,2020-03-31,0.030313176884740414,3396
sue_neutral,20,report_period,2020-06-30,-0.014492859822871143,3469
sue_neutral,20,report_period,2020-09-30,-0.07964446649810099,3567
sue_neutral,20,report_period,2020-12-31,-0.09211331680186355,3677
sue_neutral,20,report_period,2021-03-31,0.06379679521194172,3740
sue_neutral,20,report_period,2021-06-30,-0.006100536523007545,3889
sue_neutral,20,report_period,2021-09-30,-0.02929644492186562,3963
sue_neutral,20,report_period,2021-12-31,-0.053385779318422595,4115
sue_neutral,20,report_period,2022-03-31,0.009646629387743529,4154
sue_neutral,20,report_period,2022-06-30,0.010076442181376533,4237
sue_neutral,20,report_period,2022-09-30,-0.0753431255262721,4310
sue_neutral,20,report_period,2022-12-31,-0.020176857914926967,4428
sue_neutral,20,report_period,2023-03-31,0.03675486910276818,4475
sue_neutral,20,report_period,2023-06-30,-0.02909614021554025,4581
sue_neutral,20,report_period,2023-09-30,-0.03251189654965209,4626
sue_neutral,20,report_period,2023-12-31,-0.008131174113477212,4678
sue_neutral,20,report_period,2024-03-31,0.08136583899021144,4685
sue_neutral,20,report_period,2024-06-30,-0.08186893038033195,4694
sue_neutral,40,report_period,2019-03-31,0.05761685904560506,3254
sue_neutral,40,report_period,2019-06-30,0.08764089195210086,3280
sue_neutral,40,report_period,2019-09-30,0.0060862048634542825,3315
sue_neutral,40,report_period,2019-12-31,-0.019511677947187955,3365
sue_neutral,40,report_period,2020-03-31,0.06310926526797596,3396
sue_neutral,40,report_period,2020-06-30,0.0028706092578751913,3469
sue_neutral,40,report_period,2020-09-30,-0.040751869914721135,3568
sue_neutral,40,report_period,2020-12-31,-0.06205407316567457,3677
sue_neutral,40,report_period,2021-03-31,0.08373518819511142,3740
sue_neutral,40,report_period,2021-06-30,-0.04008000612734411,3889
sue_neutral,40,report_period,2021-09-30,-0.07249676184687642,3963
sue_neutral,40,report_period,2021-12-31,-0.04585238806886507,4114
sue_neutral,40,report_period,2022-03-31,0.029626456338553844,4155
sue_neutral,40,report_period,2022-06-30,-0.02294447508115492,4237
sue_neutral,40,report_period,2022-09-30,-0.09951621622570854,4310
sue_neutral,40,report_period,2022-12-31,0.007056630984058065,4428
sue_neutral,40,report_period,2023-03-31,0.053811640774955365,4475
sue_neutral,40,report_period,2023-06-30,-0.05654935891760696,4581
sue_neutral,40,report_period,2023-09-30,0.014298383760193888,4626
sue_neutral,40,report_period,2023-12-31,0.01218334481089218,4678
sue_neutral,40,report_period,2024-03-31,0.11595851823966331,4685
sue_neutral,40,report_period,2024-06-30,0.004443448793999615,4693
sue_neutral,60,report_period,2019-03-31,0.10311002814685986,3254
sue_neutral,60,report_period,2019-06-30,0.05437537267733996,3280
sue_neutral,60,report_period,2019-09-30,0.09888047808713792,3315
sue_neutral,60,report_period,2019-12-31,-0.004497040865697198,3367
sue_neutral,60,report_period,2020-03-31,0.0910477446747931,3395
sue_neutral,60,report_period,2020-06-30,-0.04443828185185696,3469
sue_neutral,60,report_period,2020-09-30,0.03665069664385977,3568
sue_neutral,60,report_period,2020-12-31,-0.02754616436831717,3677
sue_neutral,60,report_period,2021-03-31,0.11069673955550817,3740
sue_neutral,60,report_period,2021-06-30,-0.0478130076877464,3889
sue_neutral,60,report_period,2021-09-30,-0.03197127623699263,3963
sue_neutral,60,report_period,2021-12-31,-0.04585214859035668,4115
sue_neutral,60,report_period,2022-03-31,0.04832343852627175,4155
sue_neutral,60,report_period,2022-06-30,-0.049245271473499025,4237
sue_neutral,60,report_period,2022-09-30,-0.07097443293557382,4310
sue_neutral,60,report_period,2022-12-31,-0.024586782041805876,4428
sue_neutral,60,report_period,2023-03-31,0.007515222228827455,4475
sue_neutral,60,report_period,2023-06-30,-0.052726964438438995,4581
sue_neutral,60,report_period,2023-09-30,0.09645453733725243,4626
sue_neutral,60,report_period,2023-12-31,0.01674189955087166,4678
sue_neutral,60,report_period,2024-03-31,0.10033371388807778,4685
sue_neutral,60,report_period,2024-06-30,-0.015574172191554088,235
net_profit_yoy_calc,1,report_period,2020-03-31,0.07224517164368632,3235
net_profit_yoy_calc,1,report_period,2020-06-30,0.02238498884523333,3260
net_profit_yoy_calc,1,report_period,2020-09-30,-0.02271020503629402,3306
net_profit_yoy_calc,1,report_period,2020-12-31,0.03697407398815466,3414
net_profit_yoy_calc,1,report_period,2021-03-31,-0.0006023379363054954,3444
net_profit_yoy_calc,1,report_period,2021-06-30,-0.00869389108591154,3557
net_profit_yoy_calc,1,report_period,2021-09-30,-0.01983159796657903,3693
net_profit_yoy_calc,1,report_period,2021-12-31,-0.019757743761079884,3901
net_profit_yoy_calc,1,report_period,2022-03-31,0.052829140919114684,3926
net_profit_yoy_calc,1,report_period,2022-06-30,-0.03208851691787437,4091
net_profit_yoy_calc,1,report_period,2022-09-30,-0.06672214591506648,4178
net_profit_yoy_calc,1,report_period,2022-12-31,-0.027861616143716603,4348
net_profit_yoy_calc,1,report_period,2023-03-31,0.02958260766523916,4379
net_profit_yoy_calc,1,report_period,2023-06-30,-0.014559593359373535,4470
net_profit_yoy_calc,1,report_period,2023-09-30,-0.04084717040700893,4558
net_profit_yoy_calc,1,report_period,2023-12-31,-0.030055023143124283,4665
net_profit_yoy_calc,1,report_period,2024-03-31,0.025034613064115654,4683
net_profit_yoy_calc,1,report_period,2024-06-30,-0.03991764771289913,4779
net_profit_yoy_calc,5,report_period,2020-03-31,0.09153022892050508,3235
net_profit_yoy_calc,5,report_period,2020-06-30,-0.05152523253715595,3260
net_profit_yoy_calc,5,report_period,2020-09-30,-0.05212632985995924,3306
net_profit_yoy_calc,5,report_period,2020-12-31,-0.07968449924053143,3414
net_profit_yoy_calc,5,report_period,2021-03-31,-0.06357061924872617,3444
net_profit_yoy_calc,5,report_period,2021-06-30,-0.050803966724658124,3557
net_profit_yoy_calc,5,report_period,2021-09-30,-0.10396091421589893,3693
net_profit_yoy_calc,5,report_period,2021-12-31,-0.10123529563550421,3901
net_profit_yoy_calc,5,report_period,2022-03-31,0.041954148083832396,3926
net_profit_yoy_calc,5,report_period,2022-06-30,-0.06961336603031174,4091
net_profit_yoy_calc,5,report_period,2022-09-30,-0.07497109928290208,4178
net_profit_yoy_calc,5,report_period,2022-12-31,-0.04596131102295165,4348
net_profit_yoy_calc,5,report_period,2023-03-31,-0.025638662485341464,4379
net_profit_yoy_calc,5,report_period,2023-06-30,-0.020415345854935454,4470
net_profit_yoy_calc,5,report_period,2023-09-30,-0.10068213194119509,4558
net_profit_yoy_calc,5,report_period,2023-12-31,-0.05063266998934489,4665
net_profit_yoy_calc,5,report_period,2024-03-31,0.03966131500409385,4683
net_profit_yoy_calc,5,report_period,2024-06-30,-0.036025009620585566,4778
net_profit_yoy_calc,10,report_period,2020-03-31,0.08906679606600584,3235
net_profit_yoy_calc,10,report_period,2020-06-30,-0.0748095495468957,3260
net_profit_yoy_calc,10,report_period,2020-09-30,-0.0917289036328909,3306
net_profit_yoy_calc,10,report_period,2020-12-31,-0.09613450304288128,3414
net_profit_yoy_calc,10,report_period,2021-03-31,-0.06810444408925521,3444
net_profit_yoy_calc,10,report_period,2021-06-30,-0.04243800500086822,3557
net_profit_yoy_calc,10,report_period,2021-09-30,-0.14602115253514328,3693
net_profit_yoy_calc,10,report_period,2021-12-31,-0.09792676169314919,3901
net_profit_yoy_calc,10,report_period,2022-03-31,0.011426354520009185,3926
net_profit_yoy_calc,10,report_period,2022-06-30,-0.032342241005075927,4091
net_profit_yoy_calc,10,report_period,2022-09-30,-0.13447489017098407,4178
net_profit_yoy_calc,10,report_period,2022-12-31,-0.053174076156990865,4348
net_profit_yoy_calc,10,report_period,2023-03-31,-0.01951102720441896,4379
net_profit_yoy_calc,10,report_period,2023-06-30,-0.031771188054285346,4470
net_profit_yoy_calc,10,report_period,2023-09-30,-0.10106170671194191,4558
net_profit_yoy_calc,10,report_period,2023-12-31,-0.012269285300584137,4665
net_profit_yoy_calc,10,report_period,2024-03-31,0.08417858772499387,4683
net_profit_yoy_calc,10,report_period,2024-06-30,-0.016754011707396575,4778
net_profit_yoy_calc,20,report_period,2020-03-31,0.032196240054220594,3235
net_profit_yoy_calc,20,report_period,2020-06-30,-0.03684407904836859,3260
net_profit_yoy_calc,20,report_period,2020-09-30,-0.09172828666129086,3305
net_profit_yoy_calc,20,report_period,2020-12-31,-0.1247938062674666,3414
net_profit_yoy_calc,20,report_period,2021-03-31,-0.04660890500562897,3444
net_profit_yoy_calc,20,report_period,2021-06-30,-0.025411368215379693,3557
net_profit_yoy_calc,20,report_period,2021-09-30,-0.06801743133700063,3693
net_profit_yoy_calc,20,report_period,2021-12-31,-0.10986845607072152,3901
net_profit_yoy_calc,20,report_period,2022-03-31,0.026520723260530336,3925
net_profit_yoy_calc,20,report_period,2022-06-30,0.024304310094981175,4091
net_profit_yoy_calc,20,report_period,2022-09-30,-0.14426015067718487,4178
net_profit_yoy_calc,20,report_period,2022-12-31,-0.05647845900954306,4348
net_profit_yoy_calc,20,report_period,2023-03-31,-0.034055696935262086,4379
net_profit_yoy_calc,20,report_period,2023-06-30,0.008828642304450334,4470
net_profit_yoy_calc,20,report_period,2023-09-30,-0.05917460380177365,4558
net_profit_yoy_calc,20,report_period,2023-12-31,0.047151702540238656,4665
net_profit_yoy_calc,20,report_period,2024-03-31,0.09629172760555864,4683
net_profit_yoy_calc,20,report_period,2024-06-30,-0.13424705877187693,4779
net_profit_yoy_calc,40,report_period,2020-03-31,0.11363713514327814,3235
net_profit_yoy_calc,40,report_period,2020-06-30,0.014695048500094078,3260
net_profit_yoy_calc,40,report_period,2020-09-30,0.028827376590366542,3306
net_profit_yoy_calc,40,report_period,2020-12-31,-0.07455541455712941,3414
net_profit_yoy_calc,40,report_period,2021-03-31,0.016021888657914266,3444
net_profit_yoy_calc,40,report_period,2021-06-30,-0.03961683633516295,3557
net_profit_yoy_calc,40,report_period,2021-09-30,-0.1688655089190738,3693
net_profit_yoy_calc,40,report_period,2021-12-31,-0.08024096620617518,3900
net_profit_yoy_calc,40,report_period,2022-03-31,0.05485173801422696,3926
net_profit_yoy_calc,40,report_period,2022-06-30,-0.04735126176723415,4091
net_profit_yoy_calc,40,report_period,2022-09-30,-0.15939061447311761,4178
net_profit_yoy_calc,40,report_period,2022-12-31,-0.05685798742625719,4348
net_profit_yoy_calc,40,report_period,2023-03-31,0.007431857326680601,4379
net_profit_yoy_calc,40,report_period,2023-06-30,-0.07255283720103989,4470
net_profit_yoy_calc,40,report_period,2023-09-30,-0.00993149545748216,4558
net_profit_yoy_calc,40,report_period,2023-12-31,0.08619302314890298,4665
net_profit_yoy_calc,40,report_period,2024-03-31,0.14589899576499088,4683
net_profit_yoy_calc,40,report_period,2024-06-30,-0.1472088531333535,4778
net_profit_yoy_calc,60,report_period,2020-03-31,0.11758692125503002,3234
net_profit_yoy_calc,60,report_period,2020-06-30,-0.04669172775805781,3260
net_profit_yoy_calc,60,report_period,2020-09-30,0.13580153777355627,3306
net_profit_yoy_calc,60,report_period,2020-12-31,-0.02832884870364518,3414
net_profit_yoy_calc,60,report_period,2021-03-31,0.07735741339237079,3444
net_profit_yoy_calc,60,report_period,2021-06-30,-0.08352971332674282,3557
net_profit_yoy_calc,60,report_period,2021-09-30,-0.16849689591880745,3693
net_profit_yoy_calc,60,report_period,2021-12-31,-0.06217234690378423,3901
net_profit_yoy_calc,60,report_period,2022-03-31,0.03492070432969429,3926
net_profit_yoy_calc,60,report_period,2022-06-30,-0.11295567552748002,4091
net_profit_yoy_calc,60,report_period,2022-09-30,-0.12710995770354963,4178
net_profit_yoy_calc,60,report_period,2022-12-31,-0.0951255641773506,4348
net_profit_yoy_calc,60,report_period,2023-03-31,-0.04885316648050295,4379
net_profit_yoy_calc,60,report_period,2023-06-30,-0.08198819161503537,4470
net_profit_yoy_calc,60,report_period,2023-09-30,0.07893332115148938,4558
net_profit_yoy_calc,60,report_period,2023-12-31,0.058898742121744896,4665
net_profit_yoy_calc,60,report_period,2024-03-31,0.09911490365556092,4683
net_profit_yoy_calc,60,report_period,2024-06-30,-0.039385652069544946,241
revenue_yoy_calc,1,report_period,2020-03-31,0.07017884358114845,3235
revenue_yoy_calc,1,report_period,2020-06-30,-0.012588126991929731,3259
revenue_yoy_calc,1,report_period,2020-09-30,-0.04492386235171039,3305
revenue_yoy_calc,1,report_period,2020-12-31,0.008561412544400102,3413
revenue_yoy_calc,1,report_period,2021-03-31,0.03085819128480008,3442
revenue_yoy_calc,1,report_period,2021-06-30,-0.03749680455086609,3555
revenue_yoy_calc,1,report_period,2021-09-30,0.002464642787039836,3693
revenue_yoy_calc,1,report_period,2021-12-31,-0.0260376841040384,3900
revenue_yoy_calc,1,report_period,2022-03-31,0.07314164035554926,3924
revenue_yoy_calc,1,report_period,2022-06-30,-0.06941973597762688,4090
revenue_yoy_calc,1,report_period,2022-09-30,-0.051594597247778505,4177
revenue_yoy_calc,1,report_period,2022-12-31,-0.06198247798293737,4348
revenue_yoy_calc,1,report_period,2023-03-31,0.01816468904017726,4376
revenue_yoy_calc,1,report_period,2023-06-30,-0.012683587356323465,4468
revenue_yoy_calc,1,report_period,2023-09-30,-0.06153159201662879,4555
revenue_yoy_calc,1,report_period,2023-12-31,-0.0012916929047905416,4663
revenue_yoy_calc,1,report_period,2024-03-31,0.05435273617340171,4679
revenue_yoy_calc,1,report_period,2024-06-30,-0.006072473953623635,4777
revenue_yoy_calc,5,report_period,2020-03-31,0.10861228152426627,3235
revenue_yoy_calc,5,report_period,2020-06-30,-0.08546417047252995,3259
revenue_yoy_calc,5,report_period,2020-09-30,-0.05885913843118399,3305
revenue_yoy_calc,5,report_period,2020-12-31,-0.08708844287359334,3413
revenue_yoy_calc,5,report_period,2021-03-31,-0.03286392571168075,3442
revenue_yoy_calc,5,report_period,2021-06-30,-0.08557033388068408,3555
revenue_yoy_calc,5,report_period,2021-09-30,-0.06968457112103145,3693
revenue_yoy_calc,5,report_period,2021-12-31,-0.06478433789010221,3900
revenue_yoy_calc,5,report_period,2022-03-31,0.05824662722166725,3924
revenue_yoy_calc,5,report_period,2022-06-30,-0.07754654288486132,4090
revenue_yoy_calc,5,report_period,2022-09-30,-0.03581024013413977,4177
revenue_yoy_calc,5,report_period,2022-12-31,-0.10085002784028776,4348
revenue_yoy_calc,5,report_period,2023-03-31,-0.05381899098575191,4376
revenue_yoy_calc,5,report_period,2023-06-30,-0.06743476414494211,4468
revenue_yoy_calc,5,report_period,2023-09-30,-0.08009824160576895,4555
revenue_yoy_calc,5,report_period,2023-12-31,-0.023466016653951018,4663
revenue_yoy_calc,5,report_period,2024-03-31,0.05232524663890565,4679
revenue_yoy_calc,5,report_period,2024-06-30,-0.03980508174601597,4776
revenue_yoy_calc,10,report_period,2020-03-31,0.1199854175041407,3235
revenue_yoy_calc,10,report_period,2020-06-30,-0.09737856416984413,3259
revenue_yoy_calc,10,report_period,2020-09-30,-0.11265655086647325,3305
revenue_yoy_calc,10,report_period,2020-12-31,-0.10741135759196484,3413
revenue_yoy_calc,10,report_period,2021-03-31,-0.04151650357385441,3442
revenue_yoy_calc,10,report_period,2021-06-30,-0.09499193267384336,3555
revenue_yoy_calc,10,report_period,2021-09-30,-0.07148512900386345,3693
revenue_yoy_calc,10,report_period,2021-12-31,-0.051367412421759,3900
revenue_yoy_calc,10,report_period,2022-03-31,0.06599106074611936,3924
revenue_yoy_calc,10,report_period,2022-06-30,-0.07065109075921058,4090
revenue_yoy_calc,10,report_period,2022-09-30,-0.12638126243211326,4177
revenue_yoy_calc,10,report_period,2022-12-31,-0.08953804166864508,4348
revenue_yoy_calc,10,report_period,2023-03-31,-0.0576821543745145,4376
revenue_yoy_calc,10,report_period,2023-06-30,-0.07143895153986891,4468
revenue_yoy_calc,10,report_period,2023-09-30,-0.0774681442011091,4555
revenue_yoy_calc,10,report_period,2023-12-31,-0.015487334085581748,4663
revenue_yoy_calc,10,report_period,2024-03-31,0.04874090754262112,4679
revenue_yoy_calc,10,report_period,2024-06-30,-0.03516807835093111,4776
revenue_yoy_calc,20,report_period,2020-03-31,0.02851129322617775,3235
revenue_yoy_calc,20,report_period,2020-06-30,-0.05367987345783114,3259
revenue_yoy_calc,20,report_period,2020-09-30,-0.12641471111894,3304
revenue_yoy_calc,20,report_period,2020-12-31,-0.08798326148722811,3413
revenue_yoy_calc,20,report_period,2021-03-31,-0.012310993176087656,3442
revenue_yoy_calc,20,report_period,2021-06-30,-0.08537397185251204,3555
revenue_yoy_calc,20,report_period,2021-09-30,-0.006122409026896271,3693
revenue_yoy_calc,20,report_period,2021-12-31,-0.04416125473086819,3900
revenue_yoy_calc,20,report_period,2022-03-31,0.09087334813296757,3923
revenue_yoy_calc,20,report_period,2022-06-30,-0.02479817534889399,4090
revenue_yoy_calc,20,report_period,2022-09-30,-0.14212082742312462,4177
revenue_yoy_calc,20,report_period,2022-12-31,-0.0837860373632405,4348
revenue_yoy_calc,20,report_period,2023-03-31,-0.039989437704779335,4376
revenue_yoy_calc,20,report_period,2023-06-30,-0.07091817730806463,4468
revenue_yoy_calc,20,report_period,2023-09-30,-0.04987976406699776,4555
revenue_yoy_calc,20,report_period,2023-12-31,0.011198929439514838,4663
revenue_yoy_calc,20,report_period,2024-03-31,0.12747216156683935,4679
revenue_yoy_calc,20,report_period,2024-06-30,-0.12633801746879517,4777
revenue_yoy_calc,40,report_period,2020-03-31,0.1394702125819856,3235
revenue_yoy_calc,40,report_period,2020-06-30,-0.0021757846994156956,3259
revenue_yoy_calc,40,report_period,2020-09-30,-0.011375932636002246,3305
revenue_yoy_calc,40,report_period,2020-12-31,-0.05310872185824025,3413
revenue_yoy_calc,40,report_period,2021-03-31,0.05814181673876268,3442
revenue_yoy_calc,40,report_period,2021-06-30,-0.0907531627388912,3555
revenue_yoy_calc,40,report_period,2021-09-30,-0.12410084729226499,3693
revenue_yoy_calc,40,report_period,2021-12-31,0.0025184618050455073,3899
revenue_yoy_calc,40,report_period,2022-03-31,0.11193331611148902,3924
revenue_yoy_calc,40,report_period,2022-06-30,-0.07956590673583214,4090
revenue_yoy_calc,40,report_period,2022-09-30,-0.18999902494288123,4177
revenue_yoy_calc,40,report_period,2022-12-31,-0.08546392403275248,4348
revenue_yoy_calc,40,report_period,2023-03-31,-0.014475885313934652,4376
revenue_yoy_calc,40,report_period,2023-06-30,-0.12091060896819336,4468
revenue_yoy_calc,40,report_period,2023-09-30,-0.03612264137272359,4555
revenue_yoy_calc,40,report_period,2023-12-31,0.03729415733085427,4663
revenue_yoy_calc,40,report_period,2024-03-31,0.1660113492960965,4679
revenue_yoy_calc,40,report_period,2024-06-30,-0.09191714055048877,4776
revenue_yoy_calc,60,report_period,2020-03-31,0.14232832911462978,3234
revenue_yoy_calc,60,report_period,2020-06-30,-0.06094363821013952,3259
revenue_yoy_calc,60,report_period,2020-09-30,0.10258804320162158,3305
revenue_yoy_calc,60,report_period,2020-12-31,0.0005833963636757939,3413
revenue_yoy_calc,60,report_period,2021-03-31,0.12572943985837082,3442
revenue_yoy_calc,60,report_period,2021-06-30,-0.07949872456128036,3555
revenue_yoy_calc,60,report_period,2021-09-30,-0.1313282891984852,3693
revenue_yoy_calc,60,report_period,2021-12-31,0.022447708760264383,3900
revenue_yoy_calc,60,report_period,2022-03-31,0.1173544630263603,3924
revenue_yoy_calc,60,report_period,2022-06-30,-0.16281380438204182,4090
revenue_yoy_calc,60,report_period,2022-09-30,-0.1408255198863158,4177
revenue_yoy_calc,60,report_period,2022-12-31,-0.13925808060306075,4348
revenue_yoy_calc,60,report_period,2023-03-31,-0.08786269053601134,4376
revenue_yoy_calc,60,report_period,2023-06-30,-0.11333965197547549,4468
revenue_yoy_calc,60,report_period,2023-09-30,0.05452246232989217,4555
revenue_yoy_calc,60,report_period,2023-12-31,0.00935139796028505,4663
revenue_yoy_calc,60,report_period,2024-03-31,0.10514664791469008,4679
revenue_yoy_calc,60,report_period,2024-06-30,-0.08332447446932548,241
eps_yoy_calc,1,report_period,2020-03-31,0.07091516342855982,3227
eps_yoy_calc,1,report_period,2020-06-30,0.01720530999813754,3257
eps_yoy_calc,1,report_period,2020-09-30,-0.018618733939892194,3298
eps_yoy_calc,1,report_period,2020-12-31,0.04148463744507871,3410
eps_yoy_calc,1,report_period,2021-03-31,0.0033697787510773504,3426
eps_yoy_calc,1,report_period,2021-06-30,-0.0034870826212177117,3554
eps_yoy_calc,1,report_period,2021-09-30,-0.026179158481997145,3683
eps_yoy_calc,1,report_period,2021-12-31,-0.019334336744762703,3896
eps_yoy_calc,1,report_period,2022-03-31,0.04963814099056188,3902
eps_yoy_calc,1,report_period,2022-06-30,-0.02719547979131995,4085
eps_yoy_calc,1,report_period,2022-09-30,-0.059945884274954224,4162
eps_yoy_calc,1,report_period,2022-12-31,-0.01631952875681149,4344
eps_yoy_calc,1,report_period,2023-03-31,0.033370672503418235,4353
eps_yoy_calc,1,report_period,2023-06-30,-0.017320913035377958,4466
eps_yoy_calc,1,report_period,2023-09-30,-0.03208512541226864,4543
eps_yoy_calc,1,report_period,2023-12-31,-0.02753422380407487,4659
eps_yoy_calc,1,report_period,2024-03-31,0.029255959983224,4656
eps_yoy_calc,1,report_period,2024-06-30,-0.03642399127065855,4774
eps_yoy_calc,5,report_period,2020-03-31,0.08132228771714624,3227
eps_yoy_calc,5,report_period,2020-06-30,-0.060120311609388695,3257
eps_yoy_calc,5,report_period,2020-09-30,-0.049349616037968065,3298
eps_yoy_calc,5,report_period,2020-12-31,-0.07305840499717996,3410
eps_yoy_calc,5,report_period,2021-03-31,-0.05409775457569691,3426
eps_yoy_calc,5,report_period,2021-06-30,-0.046253581616578256,3554
eps_yoy_calc,5,report_period,2021-09-30,-0.10285173258193217,3683
eps_yoy_calc,5,report_period,2021-12-31,-0.10982831629704355,3896
eps_yoy_calc,5,report_period,2022-03-31,0.03328931776471591,3902
eps_yoy_calc,5,report_period,2022-06-30,-0.06310943624047959,4085
eps_yoy_calc,5,report_period,2022-09-30,-0.07126823599029539,4162
eps_yoy_calc,5,report_period,2022-12-31,-0.02974341367487391,4344
eps_yoy_calc,5,report_period,2023-03-31,-0.014954296180517192,4353
eps_yoy_calc,5,report_period,2023-06-30,-0.02105524354088535,4466
eps_yoy_calc,5,report_period,2023-09-30,-0.1023925556663456,4543
eps_yoy_calc,5,report_period,2023-12-31,-0.05654844622275101,4659
eps_yoy_calc,5,report_period,2024-03-31,0.03699337862747053,4656
eps_yoy_calc,5,report_period,2024-06-30,-0.03428984576079437,4773
eps_yoy_calc,10,report_period,2020-03-31,0.07631193943896489,3227
eps_yoy_calc,10,report_period,2020-06-30,-0.07814186032903501,3257
eps_yoy_calc,10,report_period,2020-09-30,-0.0827013287231586,3298
eps_yoy_calc,10,report_period,2020-12-31,-0.09638601181292057,3410
eps_yoy_calc,10,report_period,2021-03-31,-0.05489837645452232,3426
eps_yoy_calc,10,report_period,2021-06-30,-0.03382255973042979,3554
eps_yoy_calc,10,report_period,2021-09-30,-0.15121292768788253,3683
eps_yoy_calc,10,report_period,2021-12-31,-0.10491811300276112,3896
eps_yoy_calc,10,report_period,2022-03-31,0.00013745695911058045,3902
eps_yoy_calc,10,report_period,2022-06-30,-0.021629114320376536,4085
eps_yoy_calc,10,report_period,2022-09-30,-0.12487744892963575,4162
eps_yoy_calc,10,report_period,2022-12-31,-0.039673352269725105,4344
eps_yoy_calc,10,report_period,2023-03-31,-0.01466273888087458,4353
eps_yoy_calc,10,report_period,2023-06-30,-0.0355166617894902,4466
eps_yoy_calc,10,report_period,2023-09-30,-0.11037593394480663,4543
eps_yoy_calc,10,report_period,2023-12-31,-0.014661164327066031,4659
eps_yoy_calc,10,report_period,2024-03-31,0.09000610282336428,4656
eps_yoy_calc,10,report_period,2024-06-30,-0.015303518066245457,4773
eps_yoy_calc,20,report_period,2020-03-31,0.027794596329548123,3227
eps_yoy_calc,20,report_period,2020-06-30,-0.03772241024505492,3257
eps_yoy_calc,20,report_period,2020-09-30,-0.07518483607833283,3297
eps_yoy_calc,20,report_period,2020-12-31,-0.13111687621429413,3410
eps_yoy_calc,20,report_period,2021-03-31,-0.042665178176985785,3426
eps_yoy_calc,20,report_period,2021-06-30,-0.01782182679492192,3554
eps_yoy_calc,20,report_period,2021-09-30,-0.07724128630947405,3683
eps_yoy_calc,20,report_period,2021-12-31,-0.1213364844091923,3896
eps_yoy_calc,20,report_period,2022-03-31,0.019252075894756783,3901
eps_yoy_calc,20,report_period,2022-06-30,0.02501859649667091,4085
eps_yoy_calc,20,report_period,2022-09-30,-0.13035081064582082,4162
eps_yoy_calc,20,report_period,2022-12-31,-0.051132328687741396,4344
eps_yoy_calc,20,report_period,2023-03-31,-0.034268145702983706,4353
eps_yoy_calc,20,report_period,2023-06-30,0.009509588539092605,4466
eps_yoy_calc,20,report_period,2023-09-30,-0.060759624318368614,4543
eps_yoy_calc,20,report_period,2023-12-31,0.042784496308088005,4659
eps_yoy_calc,20,report_period,2024-03-31,0.09478117812944659,4656
eps_yoy_calc,20,report_period,2024-06-30,-0.13217540408793707,4774
eps_yoy_calc,40,report_period,2020-03-31,0.10609297627797509,3227
eps_yoy_calc,40,report_period,2020-06-30,0.010654883350498254,3257
eps_yoy_calc,40,report_period,2020-09-30,0.03467079877582017,3298
eps_yoy_calc,40,report_period,2020-12-31,-0.08321364782503257,3410
eps_yoy_calc,40,report_period,2021-03-31,0.01838235845074909,3426
eps_yoy_calc,40,report_period,2021-06-30,-0.03440620246640175,3554
eps_yoy_calc,40,report_period,2021-09-30,-0.15859355097912634,3683
eps_yoy_calc,40,report_period,2021-12-31,-0.09403201149247965,3895
eps_yoy_calc,40,report_period,2022-03-31,0.04443940061560686,3902
eps_yoy_calc,40,report_period,2022-06-30,-0.048477801061166594,4085
eps_yoy_calc,40,report_period,2022-09-30,-0.14509586729726162,4162
eps_yoy_calc,40,report_period,2022-12-31,-0.049835639228231025,4344
eps_yoy_calc,40,report_period,2023-03-31,0.008892881448399378,4353
eps_yoy_calc,40,report_period,2023-06-30,-0.07084428693865107,4466
eps_yoy_calc,40,report_period,2023-09-30,-0.007887511695971414,4543
eps_yoy_calc,40,report_period,2023-12-31,0.08048749504978443,4659
eps_yoy_calc,40,report_period,2024-03-31,0.14541632990981143,4656
eps_yoy_calc,40,report_period,2024-06-30,-0.14759143517684942,4773
eps_yoy_calc,60,report_period,2020-03-31,0.11222351589469315,3226
eps_yoy_calc,60,report_period,2020-06-30,-0.04049235581381993,3257
eps_yoy_calc,60,report_period,2020-09-30,0.13174886491858512,3298
eps_yoy_calc,60,report_period,2020-12-31,-0.03948467675261852,3410
eps_yoy_calc,60,report_period,2021-03-31,0.07831138707597815,3426
eps_yoy_calc,60,report_period,2021-06-30,-0.08029974897204839,3554
eps_yoy_calc,60,report_period,2021-09-30,-0.15713013959937872,3683
eps_yoy_calc,60,report_period,2021-12-31,-0.0806868336538793,3896
eps_yoy_calc,60,report_period,2022-03-31,0.024897392691470337,3902
eps_yoy_calc,60,report_period,2022-06-30,-0.10376768145686403,4085
eps_yoy_calc,60,report_period,2022-09-30,-0.11573207652671284,4162
eps_yoy_calc,60,report_period,2022-12-31,-0.08554868732481259,4344
eps_yoy_calc,60,report_period,2023-03-31,-0.04128648398511917,4353
eps_yoy_calc,60,report_period,2023-06-30,-0.0831968615117218,4466
eps_yoy_calc,60,report_period,2023-09-30,0.08005006539600233,4543
eps_yoy_calc,60,report_period,2023-12-31,0.05946602725403429,4659
eps_yoy_calc,60,report_period,2024-03-31,0.10469645003044542,4656
eps_yoy_calc,60,report_period,2024-06-30,-0.04368094078101975,241
sue,1,entry_month,2019-04-01,0.06294998333387603,2512
sue,1,entry_month,2019-05-01,0.0799280703163475,743
sue,1,entry_month,2019-07-01,-0.0544317047801194,79
sue,1,entry_month,2019-08-01,0.007107129071742911,2536
sue,1,entry_month,2019-09-01,0.0020423175342668565,665
sue,1,entry_month,2019-10-01,0.02602850090691811,2799
sue,1,entry_month,2019-11-01,-0.00010984768858042855,516
sue,1,entry_month,2020-03-01,0.045222951043829784,460
sue,1,entry_month,2020-04-01,0.014780462745298102,4942
sue,1,entry_month,2020-05-01,-0.024227054728855116,1301
sue,1,entry_month,2020-06-01,0.0785493443036613,33
sue,1,entry_month,2020-07-01,0.1592055912845571,122
sue,1,entry_month,2020-08-01,0.02621443688803903,3206
sue,1,entry_month,2020-09-01,-0.17133566864085822,155
sue,1,entry_month,2020-10-01,0.041286441626693524,2220
sue,1,entry_month,2020-11-01,-0.04242600552262778,1349
sue,1,entry_month,2021-02-01,0.1288888888888889,26
sue,1,entry_month,2021-03-01,0.06135311205902922,706
sue,1,entry_month,2021-04-01,0.06848891713528722,5668
sue,1,entry_month,2021-05-01,-0.06541712269409389,1015
sue,1,entry_month,2021-07-01,0.038555534117949715,72
sue,1,entry_month,2021-08-01,0.01515090431660486,3424
sue,1,entry_month,2021-09-01,0.04297125712932683,393
sue,1,entry_month,2021-10-01,-0.08182073736401627,2294
sue,1,entry_month,2021-11-01,-0.08731932469372627,1669
sue,1,entry_month,2022-02-01,0.06818181818181818,23
sue,1,entry_month,2022-03-01,-0.003428168390879934,762
sue,1,entry_month,2022-04-01,-0.010725572520950678,5185
sue,1,entry_month,2022-05-01,0.04036858385907139,2297
sue,1,entry_month,2022-07-01,-0.2233560399226764,48
sue,1,entry_month,2022-08-01,-0.020265516413258827,3749
sue,1,entry_month,2022-09-01,-0.09444846631995636,440
sue,1,entry_month,2022-10-01,-0.04754598233418133,3945
sue,1,entry_month,2022-11-01,-0.08929802584394542,365
sue,1,entry_month,2023-03-01,-0.0012427003961951535,684
sue,1,entry_month,2023-04-01,0.02619447971941207,5090
sue,1,entry_month,2023-05-01,0.034843529166291284,3117
sue,1,entry_month,2023-07-01,-0.1143661161790937,55
sue,1,entry_month,2023-08-01,-0.003606102926496871,3923
sue,1,entry_month,2023-09-01,-0.1639889723669917,603
sue,1,entry_month,2023-10-01,-0.029203429130982655,3675
sue,1,entry_month,2023-11-01,0.012854616482443168,951
sue,1,entry_month,2024-03-01,-0.04654206689251272,525
sue,1,entry_month,2024-04-01,0.01213939924631382,7280
sue,1,entry_month,2024-05-01,-0.12389506609220755,1549
sue,1,entry_month,2024-07-01,-0.019591261451726565,44
sue,1,entry_month,2024-08-01,0.02077141793235444,3365
sue,1,entry_month,2024-09-01,-0.03962529119805839,1285
sue,5,entry_month,2019-04-01,0.034260422394618635,2512
sue,5,entry_month,2019-05-01,0.014077437726344212,743
sue,5,entry_month,2019-07-01,0.1027532316086243,79
sue,5,entry_month,2019-08-01,0.035588208142833894,2536
sue,5,entry_month,2019-09-01,-0.04280755605182703,665
sue,5,entry_month,2019-10-01,0.09172215208832961,2799
sue,5,entry_month,2019-11-01,0.046978658479306344,516
sue,5,entry_month,2020-03-01,0.025793304969660986,460
sue,5,entry_month,2020-04-01,0.00854241646267807,4942
sue,5,entry_month,2020-05-01,-0.0037705899520480385,1301
sue,5,entry_month,2020-06-01,-0.04044455600316177,33
sue,5,entry_month,2020-07-01,0.02782367325358536,122
sue,5,entry_month,2020-08-01,-0.03761523030964536,3206
sue,5,entry_month,2020-09-01,-0.34488048146910133,155
sue,5,entry_month,2020-10-01,-0.04209396863973702,2220
sue,5,entry_month,2020-11-01,-0.0190549392729862,1349
sue,5,entry_month,2021-02-01,-0.1747008547008547,26
sue,5,entry_month,2021-03-01,0.046116979437013816,706
sue,5,entry_month,2021-04-01,0.016789129388500156,5668
sue,5,entry_month,2021-05-01,-0.1280295628664405,1015
sue,5,entry_month,2021-07-01,-0.1058588976783073,72
sue,5,entry_month,2021-08-01,-0.012607889979748673,3424
sue,5,entry_month,2021-09-01,-0.0304070210780063,393
sue,5,entry_month,2021-10-01,-0.176103519898334,2294
sue,5,entry_month,2021-11-01,-0.17102871586238635,1669
sue,5,entry_month,2022-02-01,0.05632411067193676,23
sue,5,entry_month,2022-03-01,0.013893692638123787,762
sue,5,entry_month,2022-04-01,-0.06681064240244852,5185
sue,5,entry_month,2022-05-01,-0.0192086240525222,2297
sue,5,entry_month,2022-07-01,-0.17010882846115868,48
sue,5,entry_month,2022-08-01,-0.036933226739802774,3749
sue,5,entry_month,2022-09-01,0.030377897660369187,440
sue,5,entry_month,2022-10-01,-0.08292844564912058,3945
sue,5,entry_month,2022-11-01,-0.06022303823583123,365
sue,5,entry_month,2023-03-01,-0.08005062530155871,684
sue,5,entry_month,2023-04-01,0.003516282299547181,5090
sue,5,entry_month,2023-05-01,-0.050045229162548104,3117
sue,5,entry_month,2023-07-01,0.01024604952519325,55
sue,5,entry_month,2023-08-01,-0.06744161318657144,3923
sue,5,entry_month,2023-09-01,-0.16905145956231568,603
sue,5,entry_month,2023-10-01,-0.15788722773962763,3675
sue,5,entry_month,2023-11-01,-0.09325161887640457,951
sue,5,entry_month,2024-03-01,0.018284178302597244,525
sue,5,entry_month,2024-04-01,-0.04848259334192125,7280
sue,5,entry_month,2024-05-01,0.008817321569636005,1549
sue,5,entry_month,2024-07-01,-0.17265680056377727,44
sue,5,entry_month,2024-08-01,-0.0207492195283887,3365
sue,5,entry_month,2024-09-01,-0.0541593001147369,1284
sue,10,entry_month,2019-04-01,0.027501975923912354,2512
sue,10,entry_month,2019-05-01,0.059982644563866094,743
sue,10,entry_month,2019-07-01,0.24464459591041868,79
sue,10,entry_month,2019-08-01,-0.02808506544544754,2536
sue,10,entry_month,2019-09-01,-0.04653970704215785,665
sue,10,entry_month,2019-10-01,0.06987345727513158,2799
sue,10,entry_month,2019-11-01,0.03155523377852148,516
sue,10,entry_month,2020-03-01,0.06196892248970045,460
sue,10,entry_month,2020-04-01,-0.0014464554883549946,4942
sue,10,entry_month,2020-05-01,-0.019586269696753204,1301
sue,10,entry_month,2020-06-01,0.12768446605956857,33
sue,10,entry_month,2020-07-01,-0.11080232634987774,122
sue,10,entry_month,2020-08-01,-0.07020847467056551,3206
sue,10,entry_month,2020-09-01,-0.29661306435499984,155
sue,10,entry_month,2020-10-01,-0.07166581209923394,2220
sue,10,entry_month,2020-11-01,-0.12480517348549026,1349
sue,10,entry_month,2021-02-01,-0.1029059829059829,26
sue,10,entry_month,2021-03-01,-0.03616366297521484,706
sue,10,entry_month,2021-04-01,0.001625287481074317,5668
sue,10,entry_month,2021-05-01,-0.1200116262655688,1015
sue,10,entry_month,2021-07-01,-0.12726001077659585,72
sue,10,entry_month,2021-08-01,0.005013003646845195,3424
sue,10,entry_month,2021-09-01,0.05309401220812427,393
sue,10,entry_month,2021-10-01,-0.22955104123998019,2294
sue,10,entry_month,2021-11-01,-0.2209611555533008,1669
sue,10,entry_month,2022-02-01,0.05335968379446641,23
sue,10,entry_month,2022-03-01,-0.027959605459334146,762
sue,10,entry_month,2022-04-01,-0.06075953217193592,5185
sue,10,entry_month,2022-05-01,-0.014167436302437162,2297
sue,10,entry_month,2022-07-01,-0.10394333328114831,48
sue,10,entry_month,2022-08-01,-0.028355509512180143,3749
sue,10,entry_month,2022-09-01,-0.07093171303307327,440
sue,10,entry_month,2022-10-01,-0.11439443926554062,3945
sue,10,entry_month,2022-11-01,-0.21153045549066318,365
sue,10,entry_month,2023-03-01,-0.04398507570540606,684
sue,10,entry_month,2023-04-01,-0.036739943778661986,5090
sue,10,entry_month,2023-05-01,-0.05344939505302025,3117
sue,10,entry_month,2023-07-01,-0.11349206349206352,55
sue,10,entry_month,2023-08-01,-0.09654447744801091,3923
sue,10,entry_month,2023-09-01,-0.16097007551600606,603
sue,10,entry_month,2023-10-01,-0.1528356586139192,3675
sue,10,entry_month,2023-11-01,-0.14628135077355112,951
sue,10,entry_month,2024-03-01,0.10108090957551441,525
sue,10,entry_month,2024-04-01,0.02718472780854979,7280
sue,10,entry_month,2024-05-01,-0.021257250704606344,1549
sue,10,entry_month,2024-07-01,-0.2015503875968992,44
sue,10,entry_month,2024-08-01,-0.016699403179848804,3365
sue,10,entry_month,2024-09-01,-0.02664322283792258,1284
sue,20,entry_month,2019-04-01,0.045058049007427915,2512
sue,20,entry_month,2019-05-01,0.04385057217629929,743
sue,20,entry_month,2019-07-01,0.12840798442064266,79
sue,20,entry_month,2019-08-01,0.009220987048797698,2536
sue,20,entry_month,2019-09-01,0.01084624474281367,665
sue,20,entry_month,2019-10-01,0.0296052177622656,2799
sue,20,entry_month,2019-11-01,0.004066153051356785,516
sue,20,entry_month,2020-03-01,-0.0037769153609431517,460
sue,20,entry_month,2020-04-01,-0.03686525585176082,4942
sue,20,entry_month,2020-05-01,-0.014098606771635198,1301
sue,20,entry_month,2020-06-01,0.1387147995149763,33
sue,20,entry_month,2020-07-01,-0.17146256030665524,122
sue,20,entry_month,2020-08-01,-0.04353560245456474,3206
sue,20,entry_month,2020-09-01,-0.1612870999967774,155
sue,20,entry_month,2020-10-01,-0.0811040863628733,2219
sue,20,entry_month,2020-11-01,-0.10895391753133452,1349
sue,20,entry_month,2021-02-01,-0.1651282051282051,26
sue,20,entry_month,2021-03-01,-0.045357174507663044,706
sue,20,entry_month,2021-04-01,-0.008783654671932798,5668
sue,20,entry_month,2021-05-01,-0.1241353043507289,1015
sue,20,entry_month,2021-07-01,0.011190430252749375,72
sue,20,entry_month,2021-08-01,0.027570314261558895,3424
sue,20,entry_month,2021-09-01,-0.1437031692543161,393
sue,20,entry_month,2021-10-01,-0.16581912028158452,2294
sue,20,entry_month,2021-11-01,-0.09848638422412119,1669
sue,20,entry_month,2022-02-01,0.09980237154150197,23
sue,20,entry_month,2022-03-01,-0.03772987076128984,762
sue,20,entry_month,2022-04-01,-0.051148913192750146,5185
sue,20,entry_month,2022-05-01,-0.005119974894724918,2296
sue,20,entry_month,2022-07-01,-0.07626129674152135,48
sue,20,entry_month,2022-08-01,0.010606780959253007,3749
sue,20,entry_month,2022-09-01,0.011931622441045463,440
sue,20,entry_month,2022-10-01,-0.12110365123103412,3945
sue,20,entry_month,2022-11-01,-0.21472834151180728,365
sue,20,entry_month,2023-03-01,0.08401830096892644,684
sue,20,entry_month,2023-04-01,-0.04844202880195433,5090
sue,20,entry_month,2023-05-01,-0.05754185346627231,3117
sue,20,entry_month,2023-07-01,-0.14588744588744593,55
sue,20,entry_month,2023-08-01,-0.07302409044963162,3923
sue,20,entry_month,2023-09-01,-0.07634131752375507,603
sue,20,entry_month,2023-10-01,-0.07391981757487034,3675
sue,20,entry_month,2023-11-01,-0.11901407437705314,951
sue,20,entry_month,2024-03-01,0.11644187041077704,525
sue,20,entry_month,2024-04-01,0.007562641989957725,7280
sue,20,entry_month,2024-05-01,0.037006294222258394,1549
sue,20,entry_month,2024-07-01,-0.24157857646229736,44
sue,20,entry_month,2024-08-01,-0.13071907764576435,3365
sue,20,entry_month,2024-09-01,-0.09418376337806347,1285
sue,40,entry_month,2019-04-01,0.07265599007148849,2512
sue,40,entry_month,2019-05-01,0.09983690735478647,743
sue,40,entry_month,2019-07-01,0.01063777994157741,79
sue,40,entry_month,2019-08-01,0.0969623874993756,2536
sue,40,entry_month,2019-09-01,0.13967582760116293,665
sue,40,entry_month,2019-10-01,-0.006625864099656742,2799
sue,40,entry_month,2019-11-01,-0.028590060415681604,516
sue,40,entry_month,2020-03-01,-0.011865306868596465,460
sue,40,entry_month,2020-04-01,0.00246264564366361,4941
sue,40,entry_month,2020-05-01,0.01334053568427516,1301
sue,40,entry_month,2020-06-01,0.06323893345229072,32
sue,40,entry_month,2020-07-01,-0.18506377635318222,122
sue,40,entry_month,2020-08-01,0.007360594311202386,3206
sue,40,entry_month,2020-09-01,-0.17565660146305306,155
sue,40,entry_month,2020-10-01,0.021704190578141137,2220
sue,40,entry_month,2020-11-01,0.04783174473039198,1349
sue,40,entry_month,2021-02-01,-0.11863247863247862,26
sue,40,entry_month,2021-03-01,-0.005489407083614659,706
sue,40,entry_month,2021-04-01,-0.009287061355016469,5668
sue,40,entry_month,2021-05-01,0.016071388530652264,1015
sue,40,entry_month,2021-07-01,-0.07958711171136408,72
sue,40,entry_month,2021-08-01,-0.014133209948588315,3424
sue,40,entry_month,2021-09-01,-0.18482363382423803,393
sue,40,entry_month,2021-10-01,-0.21466740678018847,2294
sue,40,entry_month,2021-11-01,-0.1857074938967874,1669
sue,40,entry_month,2022-02-01,0.0,23
sue,40,entry_month,2022-03-01,-0.048004748364510984,762
sue,40,entry_month,2022-04-01,-0.033590754765992804,5184
sue,40,entry_month,2022-05-01,0.007738128541231728,2297
sue,40,entry_month,2022-07-01,-0.11295356478228179,48
sue,40,entry_month,2022-08-01,-0.06219513626094702,3749
sue,40,entry_month,2022-09-01,-0.06320316523683948,440
sue,40,entry_month,2022-10-01,-0.14493054559176385,3945
sue,40,entry_month,2022-11-01,-0.18477853149291967,365
sue,40,entry_month,2023-03-01,-0.006746003800702818,684
sue,40,entry_month,2023-04-01,-0.007266118845150127,5090
sue,40,entry_month,2023-05-01,-0.004699409821501719,3117
sue,40,entry_month,2023-07-01,-0.27698412698412705,55
sue,40,entry_month,2023-08-01,-0.10451535148386597,3923
sue,40,entry_month,2023-09-01,-0.21809142080498525,603
sue,40,entry_month,2023-10-01,0.010374225343851734,3675
sue,40,entry_month,2023-11-01,-0.05738237706692877,951
sue,40,entry_month,2024-03-01,0.03746889602840677,525
sue,40,entry_month,2024-04-01,0.03257903714860489,7280
sue,40,entry_month,2024-05-01,0.10661714319578787,1549
sue,40,entry_month,2024-07-01,-0.37618040873854824,44
sue,40,entry_month,2024-08-01,-0.07767343470785687,3365
sue,40,entry_month,2024-09-01,-0.06765970019804589,1284
sue,60,entry_month,2019-04-01,0.12408622181973285,2512
sue,60,entry_month,2019-05-01,0.15786246166306175,743
sue,60,entry_month,2019-07-01,0.061295034079844206,79
sue,60,entry_month,2019-08-01,0.06833453801049338,2536
sue,60,entry_month,2019-09-01,0.09610515239305892,665
sue,60,entry_month,2019-10-01,0.08600372426174933,2799
sue,60,entry_month,2019-11-01,0.11130806338897806,516
sue,60,entry_month,2020-03-01,0.012500965479786246,460
sue,60,entry_month,2020-04-01,0.032366234550554,4942
sue,60,entry_month,2020-05-01,0.07156716041028983,1300
sue,60,entry_month,2020-06-01,-0.03242249530831977,33
sue,60,entry_month,2020-07-01,-0.060075342013085724,122
sue,60,entry_month,2020-08-01,-0.0600331560369277,3206
sue,60,entry_month,2020-09-01,-0.15845444877702944,155
sue,60,entry_month,2020-10-01,0.1551256401266912,2220
sue,60,entry_month,2020-11-01,0.09822153644447221,1349
sue,60,entry_month,2021-02-01,-0.15350427350427348,26
sue,60,entry_month,2021-03-01,0.024507835454889607,706
sue,60,entry_month,2021-04-01,0.05267208274039594,5668
sue,60,entry_month,2021-05-01,0.08821474079353032,1015
sue,60,entry_month,2021-07-01,-0.06865393272879286,72
sue,60,entry_month,2021-08-01,-0.10982311594971472,3424
sue,60,entry_month,2021-09-01,-0.1415507618978444,393
sue,60,entry_month,2021-10-01,-0.22410122860869588,2294
sue,60,entry_month,2021-11-01,-0.13142307504884773,1669
sue,60,entry_month,2022-02-01,-0.1116600790513834,23
sue,60,entry_month,2022-03-01,0.0005467063293081113,762
sue,60,entry_month,2022-04-01,-0.043212372332096224,5185
sue,60,entry_month,2022-05-01,-0.020866461825630206,2297
sue,60,entry_month,2022-07-01,-0.19263440721399236,48
sue,60,entry_month,2022-08-01,-0.1103618539113055,3749
sue,60,entry_month,2022-09-01,-0.18274508478092916,440
sue,60,entry_month,2022-10-01,-0.11421458215501923,3945
sue,60,entry_month,2022-11-01,-0.11837101839122091,365
sue,60,entry_month,2023-03-01,-0.02591813831512571,684
sue,60,entry_month,2023-04-01,-0.05138423869761191,5090
sue,60,entry_month,2023-05-01,-0.03961161724446666,3117
sue,60,entry_month,2023-07-01,-0.28701298701298705,55
sue,60,entry_month,2023-08-01,-0.1333222704897878,3923
sue,60,entry_month,2023-09-01,-0.1567258536672396,603
sue,60,entry_month,2023-10-01,0.15119932855925927,3675
sue,60,entry_month,2023-11-01,0.14897796399241825,951
sue,60,entry_month,2024-03-01,0.06526216379765117,525
sue,60,entry_month,2024-04-01,0.04407604750002963,7280
sue,60,entry_month,2024-05-01,0.0643707220936627,1549
sue,60,entry_month,2024-07-01,-0.19830866807610992,44
sue,60,entry_month,2024-08-01,-0.12896136842360062,191
sue_w,1,entry_month,2019-04-01,0.06289613799956466,2512
sue_w,1,entry_month,2019-05-01,0.08004640688700171,743
sue_w,1,entry_month,2019-07-01,-0.0544317047801194,79
sue_w,1,entry_month,2019-08-01,0.0070930286316101656,2536
sue_w,1,entry_month,2019-09-01,0.002206082078492251,665
sue_w,1,entry_month,2019-10-01,0.025997642759688997,2799
sue_w,1,entry_month,2019-11-01,0.00019274773319172793,516
sue_w,1,entry_month,2020-03-01,0.04521474094172574,460
sue_w,1,entry_month,2020-04-01,0.014367213321941156,4942
sue_w,1,entry_month,2020-05-01,-0.024806010465763896,1301
sue_w,1,entry_month,2020-06-01,0.0802273107136888,33
sue_w,1,entry_month,2020-07-01,0.15915654928128745,122
sue_w,1,entry_month,2020-08-01,0.02628061589379634,3206
sue_w,1,entry_month,2020-09-01,-0.17063911520444233,155
sue_w,1,entry_month,2020-10-01,0.04130293711175177,2220
sue_w,1,entry_month,2020-11-01,-0.04249833871437812,1349
sue_w,1,entry_month,2021-02-01,0.1288888888888889,26
sue_w,1,entry_month,2021-03-01,0.06134606637850217,706
sue_w,1,entry_month,2021-04-01,0.06840233318799088,5668
sue_w,1,entry_month,2021-05-01,-0.06548687046439,1015
sue_w,1,entry_month,2021-07-01,0.03784839739331732,72
sue_w,1,entry_month,2021-08-01,0.015170001010289617,3424
sue_w,1,entry_month,2021-09-01,0.04304245199510315,393
sue_w,1,entry_month,2021-10-01,-0.08185869584941811,2294
sue_w,1,entry_month,2021-11-01,-0.08732209166281489,1669
sue_w,1,entry_month,2022-02-01,0.06818181818181818,23
sue_w,1,entry_month,2022-03-01,-0.0034681789089787297,762
sue_w,1,entry_month,2022-04-01,-0.010786656490786988,5185
sue_w,1,entry_month,2022-05-01,0.04006596498184469,2297
sue_w,1,entry_month,2022-07-01,-0.22260218238296806,48
sue_w,1,entry_month,2022-08-01,-0.020228274511645192,3749
sue_w,1,entry_month,2022-09-01,-0.09440867554051409,440
sue_w,1,entry_month,2022-10-01,-0.047554836883493073,3945
sue_w,1,entry_month,2022-11-01,-0.08950923163139328,365
sue_w,1,entry_month,2023-03-01,-0.0012074733035921925,684
sue_w,1,entry_month,2023-04-01,0.025998346738666554,5090
sue_w,1,entry_month,2023-05-01,0.03462196488581748,3117
sue_w,1,entry_month,2023-07-01,-0.1143661161790937,55
sue_w,1,entry_month,2023-08-01,-0.0036056693886687046,3923
sue_w,1,entry_month,2023-09-01,-0.16397654589383318,603
sue_w,1,entry_month,2023-10-01,-0.029211649201955483,3675
sue_w,1,entry_month,2023-11-01,0.012762081655529679,951
sue_w,1,entry_month,2024-03-01,-0.04652698677919101,525
sue_w,1,entry_month,2024-04-01,0.011986307185230485,7280
sue_w,1,entry_month,2024-05-01,-0.12412985388118532,1549
sue_w,1,entry_month,2024-07-01,-0.019591261451726565,44
sue_w,1,entry_month,2024-08-01,0.02074818753251264,3365
sue_w,1,entry_month,2024-09-01,-0.03960157101114095,1285
sue_w,5,entry_month,2019-04-01,0.034216517430770976,2512
sue_w,5,entry_month,2019-05-01,0.014173593889059746,743
sue_w,5,entry_month,2019-07-01,0.1027532316086243,79
sue_w,5,entry_month,2019-08-01,0.0355826223114514,2536
sue_w,5,entry_month,2019-09-01,-0.04288793325443753,665
sue_w,5,entry_month,2019-10-01,0.091705307677952,2799
sue_w,5,entry_month,2019-11-01,0.04713780113161773,516
sue_w,5,entry_month,2020-03-01,0.02584227811510721,460
sue_w,5,entry_month,2020-04-01,0.008085353429385678,4942
sue_w,5,entry_month,2020-05-01,-0.004016732890499,1301
sue_w,5,entry_month,2020-06-01,-0.038776533511616244,33
sue_w,5,entry_month,2020-07-01,0.027850201078075128,122
sue_w,5,entry_month,2020-08-01,-0.03762053125144731,3206
sue_w,5,entry_month,2020-09-01,-0.3442415062832777,155
sue_w,5,entry_month,2020-10-01,-0.04210159478552201,2220
sue_w,5,entry_month,2020-11-01,-0.01911641170427471,1349
sue_w,5,entry_month,2021-02-01,-0.1747008547008547,26
sue_w,5,entry_month,2021-03-01,0.04610615390954937,706
sue_w,5,entry_month,2021-04-01,0.016723047162614756,5668
sue_w,5,entry_month,2021-05-01,-0.12776510542174985,1015
sue_w,5,entry_month,2021-07-01,-0.10584367036542391,72
sue_w,5,entry_month,2021-08-01,-0.012568264077996386,3424
sue_w,5,entry_month,2021-09-01,-0.030372666123580944,393
sue_w,5,entry_month,2021-10-01,-0.17613110657528827,2294
sue_w,5,entry_month,2021-11-01,-0.17102166748956601,1669
sue_w,5,entry_month,2022-02-01,0.05632411067193676,23
sue_w,5,entry_month,2022-03-01,0.014037014705954427,762
sue_w,5,entry_month,2022-04-01,-0.06721143158323442,5185
sue_w,5,entry_month,2022-05-01,-0.019336928160929894,2297
sue_w,5,entry_month,2022-07-01,-0.1697334855673107,48
sue_w,5,entry_month,2022-08-01,-0.03692487328443822,3749
sue_w,5,entry_month,2022-09-01,0.030384966970398372,440
sue_w,5,entry_month,2022-10-01,-0.08290232934926019,3945
sue_w,5,entry_month,2022-11-01,-0.06044699668620956,365
sue_w,5,entry_month,2023-03-01,-0.08010195360354307,684
sue_w,5,entry_month,2023-04-01,0.0031178713507957413,5090
sue_w,5,entry_month,2023-05-01,-0.04981702964210419,3117
sue_w,5,entry_month,2023-07-01,0.01024604952519325,55
sue_w,5,entry_month,2023-08-01,-0.06744642006390701,3923
sue_w,5,entry_month,2023-09-01,-0.16903855818250355,603
sue_w,5,entry_month,2023-10-01,-0.15789541573422472,3675
sue_w,5,entry_month,2023-11-01,-0.09321183240701808,951
sue_w,5,entry_month,2024-03-01,0.018347955095644915,525
sue_w,5,entry_month,2024-04-01,-0.0488642459858593,7280
sue_w,5,entry_month,2024-05-01,0.00889615335786753,1549
sue_w,5,entry_month,2024-07-01,-0.17265680056377727,44
sue_w,5,entry_month,2024-08-01,-0.02077539402164683,3365
sue_w,5,entry_month,2024-09-01,-0.054145079967181785,1284
sue_w,10,entry_month,2019-04-01,0.027459778100696528,2512
sue_w,10,entry_month,2019-05-01,0.05997939636480757,743
sue_w,10,entry_month,2019-07-01,0.24464459591041868,79
sue_w,10,entry_month,2019-08-01,-0.02813590634281621,2536
sue_w,10,entry_month,2019-09-01,-0.04645694027451336,665
sue_w,10,entry_month,2019-10-01,0.06986754394909515,2799
sue_w,10,entry_month,2019-11-01,0.03163109397597573,516
sue_w,10,entry_month,2020-03-01,0.06201497680687765,460
sue_w,10,entry_month,2020-04-01,-0.0019351202125969735,4942
sue_w,10,entry_month,2020-05-01,-0.01935898845460173,1301
sue_w,10,entry_month,2020-06-01,0.13003509944843725,33
sue_w,10,entry_month,2020-07-01,-0.11071677588050628,122
sue_w,10,entry_month,2020-08-01,-0.07018733076460228,3206
sue_w,10,entry_month,2020-09-01,-0.2962053463912345,155
sue_w,10,entry_month,2020-10-01,-0.07167519685523906,2220
sue_w,10,entry_month,2020-11-01,-0.12481729694273633,1349
sue_w,10,entry_month,2021-02-01,-0.1029059829059829,26
sue_w,10,entry_month,2021-03-01,-0.03613484732941933,706
sue_w,10,entry_month,2021-04-01,0.0016151500569214611,5668
sue_w,10,entry_month,2021-05-01,-0.11956029125233905,1015
sue_w,10,entry_month,2021-07-01,-0.12706809229037702,72
sue_w,10,entry_month,2021-08-01,0.005052182244223299,3424
sue_w,10,entry_month,2021-09-01,0.05318246345356519,393
sue_w,10,entry_month,2021-10-01,-0.22959515439951045,2294
sue_w,10,entry_month,2021-11-01,-0.2209799078844369,1669
sue_w,10,entry_month,2022-02-01,0.05335968379446641,23
sue_w,10,entry_month,2022-03-01,-0.02780876095410401,762
sue_w,10,entry_month,2022-04-01,-0.0610057873713716,5185
sue_w,10,entry_month,2022-05-01,-0.01420457361491689,2297
sue_w,10,entry_month,2022-07-01,-0.10291483486908254,48
sue_w,10,entry_month,2022-08-01,-0.028383000163668234,3749
sue_w,10,entry_month,2022-09-01,-0.07093388608116026,440
sue_w,10,entry_month,2022-10-01,-0.11433210857220187,3945
sue_w,10,entry_month,2022-11-01,-0.21163418906997797,365
sue_w,10,entry_month,2023-03-01,-0.0439864889910912,684
sue_w,10,entry_month,2023-04-01,-0.037027259805255355,5090
sue_w,10,entry_month,2023-05-01,-0.053353111069104085,3117
sue_w,10,entry_month,2023-07-01,-0.11349206349206352,55
sue_w,10,entry_month,2023-08-01,-0.09655331651327083,3923
sue_w,10,entry_month,2023-09-01,-0.16097364737588202,603
sue_w,10,entry_month,2023-10-01,-0.15282311288165987,3675
sue_w,10,entry_month,2023-11-01,-0.14623423507450228,951
sue_w,10,entry_month,2024-03-01,0.10119946126909668,525
sue_w,10,entry_month,2024-04-01,0.02679090778352401,7280
sue_w,10,entry_month,2024-05-01,-0.021379593187739,1549
sue_w,10,entry_month,2024-07-01,-0.2015503875968992,44
sue_w,10,entry_month,2024-08-01,-0.016670622072823806,3365
sue_w,10,entry_month,2024-09-01,-0.026636743227262474,1284
sue_w,20,entry_month,2019-04-01,0.04505734478033888,2512
sue_w,20,entry_month,2019-05-01,0.04391806850352676,743
sue_w,20,entry_month,2019-07-01,0.12840798442064266,79
sue_w,20,entry_month,2019-08-01,0.00919846525103778,2536
sue_w,20,entry_month,2019-09-01,0.010915648646204947,665
sue_w,20,entry_month,2019-10-01,0.029594162660758518,2799
sue_w,20,entry_month,2019-11-01,0.004080456614096715,516
sue_w,20,entry_month,2020-03-01,-0.003768351194461441,460
sue_w,20,entry_month,2020-04-01,-0.03727330110538375,4942
sue_w,20,entry_month,2020-05-01,-0.014170799317931249,1301
sue_w,20,entry_month,2020-06-01,0.14039779374895536,33
sue_w,20,entry_month,2020-07-01,-0.17125824882205998,122
sue_w,20,entry_month,2020-08-01,-0.04353401527420501,3206
sue_w,20,entry_month,2020-09-01,-0.16098999373675948,155
sue_w,20,entry_month,2020-10-01,-0.08112257609342047,2219
sue_w,20,entry_month,2020-11-01,-0.10897949338889355,1349
sue_w,20,entry_month,2021-02-01,-0.1651282051282051,26
sue_w,20,entry_month,2021-03-01,-0.04532921167306408,706
sue_w,20,entry_month,2021-04-01,-0.008792950476134159,5668
sue_w,20,entry_month,2021-05-01,-0.12350067668495895,1015
sue_w,20,entry_month,2021-07-01,0.011367381884908814,72
sue_w,20,entry_month,2021-08-01,0.02758134898098801,3424
sue_w,20,entry_month,2021-09-01,-0.14366740068627196,393
sue_w,20,entry_month,2021-10-01,-0.16585426807236803,2294
sue_w,20,entry_month,2021-11-01,-0.09850699123868763,1669
sue_w,20,entry_month,2022-02-01,0.09980237154150197,23
sue_w,20,entry_month,2022-03-01,-0.03769626108341548,762
sue_w,20,entry_month,2022-04-01,-0.05152726129098481,5185
sue_w,20,entry_month,2022-05-01,-0.004949421675864512,2296
sue_w,20,entry_month,2022-07-01,-0.0769690062470248,48
sue_w,20,entry_month,2022-08-01,0.010597659220063798,3749
sue_w,20,entry_month,2022-09-01,0.01194684677334624,440
sue_w,20,entry_month,2022-10-01,-0.12108178218638149,3945
sue_w,20,entry_month,2022-11-01,-0.21490870674338014,365
sue_w,20,entry_month,2023-03-01,0.08392707022836836,684
sue_w,20,entry_month,2023-04-01,-0.04855502178063587,5090
sue_w,20,entry_month,2023-05-01,-0.05747270151459875,3117
sue_w,20,entry_month,2023-07-01,-0.14588744588744593,55
sue_w,20,entry_month,2023-08-01,-0.07301865918475621,3923
sue_w,20,entry_month,2023-09-01,-0.07629057456314176,603
sue_w,20,entry_month,2023-10-01,-0.07390279842628104,3675
sue_w,20,entry_month,2023-11-01,-0.1190132084920513,951
sue_w,20,entry_month,2024-03-01,0.11638630988608888,525
sue_w,20,entry_month,2024-04-01,0.00737493925192366,7280
sue_w,20,entry_month,2024-05-01,0.03702248120444384,1549
sue_w,20,entry_month,2024-07-01,-0.24157857646229736,44
sue_w,20,entry_month,2024-08-01,-0.1307202149078249,3365
sue_w,20,entry_month,2024-09-01,-0.09417954553940006,1285
sue_w,40,entry_month,2019-04-01,0.0726204047795081,2512
sue_w,40,entry_month,2019-05-01,0.09992572118292617,743
sue_w,40,entry_month,2019-07-01,0.01063777994157741,79
sue_w,40,entry_month,2019-08-01,0.09694457491081925,2536
sue_w,40,entry_month,2019-09-01,0.1396976836766753,665
sue_w,40,entry_month,2019-10-01,-0.006658514319377617,2799
sue_w,40,entry_month,2019-11-01,-0.028514360434495886,516
sue_w,40,entry_month,2020-03-01,-0.011879867741827534,460
sue_w,40,entry_month,2020-04-01,0.001808823985105473,4941
sue_w,40,entry_month,2020-05-01,0.012750344173529628,1301
sue_w,40,entry_month,2020-06-01,0.06636113657195235,32
sue_w,40,entry_month,2020-07-01,-0.18515691347967553,122
sue_w,40,entry_month,2020-08-01,0.007367352166963682,3206
sue_w,40,entry_month,2020-09-01,-0.17540806628016292,155
sue_w,40,entry_month,2020-10-01,0.021720038345611918,2220
sue_w,40,entry_month,2020-11-01,0.04779737963194396,1349
sue_w,40,entry_month,2021-02-01,-0.11863247863247862,26
sue_w,40,entry_month,2021-03-01,-0.005505069907987804,706
sue_w,40,entry_month,2021-04-01,-0.00932584619799154,5668
sue_w,40,entry_month,2021-05-01,0.01611982773570056,1015
sue_w,40,entry_month,2021-07-01,-0.07941088985794148,72
sue_w,40,entry_month,2021-08-01,-0.014149900077601826,3424
sue_w,40,entry_month,2021-09-01,-0.18482282051755652,393
sue_w,40,entry_month,2021-10-01,-0.21470186938221994,2294
sue_w,40,entry_month,2021-11-01,-0.18574616823287018,1669
sue_w,40,entry_month,2022-02-01,0.0,23
sue_w,40,entry_month,2022-03-01,-0.0478962177836443,762
sue_w,40,entry_month,2022-04-01,-0.033748085492751094,5184
sue_w,40,entry_month,2022-05-01,0.0077008839617233316,2297
sue_w,40,entry_month,2022-07-01,-0.11344515025125658,48
sue_w,40,entry_month,2022-08-01,-0.062176874282245595,3749
sue_w,40,entry_month,2022-09-01,-0.06316645089697556,440
sue_w,40,entry_month,2022-10-01,-0.14492904793654945,3945
sue_w,40,entry_month,2022-11-01,-0.18479904294415428,365
sue_w,40,entry_month,2023-03-01,-0.00664046349959701,684
sue_w,40,entry_month,2023-04-01,-0.0072611006553045835,5090
sue_w,40,entry_month,2023-05-01,-0.004674388259092985,3117
sue_w,40,entry_month,2023-07-01,-0.27698412698412705,55
sue_w,40,entry_month,2023-08-01,-0.10451598897452874,3923
sue_w,40,entry_month,2023-09-01,-0.21817542759625097,603
sue_w,40,entry_month,2023-10-01,0.010384576264374789,3675
sue_w,40,entry_month,2023-11-01,-0.05741831613760879,951
sue_w,40,entry_month,2024-03-01,0.03757124139207345,525
sue_w,40,entry_month,2024-04-01,0.03216960394162804,7280
sue_w,40,entry_month,2024-05-01,0.10676598345234563,1549
sue_w,40,entry_month,2024-07-01,-0.37618040873854824,44
sue_w,40,entry_month,2024-08-01,-0.07765178198470832,3365
sue_w,40,entry_month,2024-09-01,-0.06768299747829143,1284
sue_w,60,entry_month,2019-04-01,0.12399304183739164,2512
sue_w,60,entry_month,2019-05-01,0.15799669361476534,743
sue_w,60,entry_month,2019-07-01,0.061295034079844206,79
sue_w,60,entry_month,2019-08-01,0.06833955006167022,2536
sue_w,60,entry_month,2019-09-01,0.09613511507212207,665
sue_w,60,entry_month,2019-10-01,0.08601031904197182,2799
sue_w,60,entry_month,2019-11-01,0.11130955663489236,516
sue_w,60,entry_month,2020-03-01,0.012475151008198865,460
sue_w,60,entry_month,2020-04-01,0.0318610076583692,4942
sue_w,60,entry_month,2020-05-01,0.0710556829518219,1300
sue_w,60,entry_month,2020-06-01,-0.030419521978940333,33
sue_w,60,entry_month,2020-07-01,-0.06013502126469046,122
sue_w,60,entry_month,2020-08-01,-0.060006180114057894,3206
sue_w,60,entry_month,2020-09-01,-0.15827653439801437,155
sue_w,60,entry_month,2020-10-01,0.15514507388880142,2220
sue_w,60,entry_month,2020-11-01,0.09817767147320558,1349
sue_w,60,entry_month,2021-02-01,-0.15350427350427348,26
sue_w,60,entry_month,2021-03-01,0.02452520507391879,706
sue_w,60,entry_month,2021-04-01,0.05267499098129476,5668
sue_w,60,entry_month,2021-05-01,0.08801671933567387,1015
sue_w,60,entry_month,2021-07-01,-0.06831683964494703,72
sue_w,60,entry_month,2021-08-01,-0.10980500582495231,3424
sue_w,60,entry_month,2021-09-01,-0.1415406913099815,393
sue_w,60,entry_month,2021-10-01,-0.22410582812445884,2294
sue_w,60,entry_month,2021-11-01,-0.13142046905354549,1669
sue_w,60,entry_month,2022-02-01,-0.1116600790513834,23
sue_w,60,entry_month,2022-03-01,0.0007232457388820093,762
sue_w,60,entry_month,2022-04-01,-0.0433363526705942,5185
sue_w,60,entry_month,2022-05-01,-0.02062218151956554,2297
sue_w,60,entry_month,2022-07-01,-0.1936709550700878,48
sue_w,60,entry_month,2022-08-01,-0.11034614000959388,3749
sue_w,60,entry_month,2022-09-01,-0.18262732881958196,440
sue_w,60,entry_month,2022-10-01,-0.11422127241760997,3945
sue_w,60,entry_month,2022-11-01,-0.11846838134632222,365
sue_w,60,entry_month,2023-03-01,-0.025856542281935138,684
sue_w,60,entry_month,2023-04-01,-0.051384311847666134,5090
sue_w,60,entry_month,2023-05-01,-0.03978779253073555,3117
sue_w,60,entry_month,2023-07-01,-0.28701298701298705,55
sue_w,60,entry_month,2023-08-01,-0.13331777629371291,3923
sue_w,60,entry_month,2023-09-01,-0.15671115791645723,603
sue_w,60,entry_month,2023-10-01,0.15115963825919607,3675
sue_w,60,entry_month,2023-11-01,0.14895479202439557,951
sue_w,60,entry_month,2024-03-01,0.06533940995055018,525
sue_w,60,entry_month,2024-04-01,0.04376722304115152,7280
sue_w,60,entry_month,2024-05-01,0.06468933866354888,1549
sue_w,60,entry_month,2024-07-01,-0.19830866807610992,44
sue_w,60,entry_month,2024-08-01,-0.12893059014470998,191
sue_z,1,entry_month,2019-04-01,0.06289613799956466,2512
sue_z,1,entry_month,2019-05-01,0.08004640688700171,743
sue_z,1,entry_month,2019-07-01,-0.0544317047801194,79
sue_z,1,entry_month,2019-08-01,0.0070930286316101656,2536
sue_z,1,entry_month,2019-09-01,0.002206082078492251,665
sue_z,1,entry_month,2019-10-01,0.025997642759688997,2799
sue_z,1,entry_month,2019-11-01,0.00019274773319172793,516
sue_z,1,entry_month,2020-03-01,0.04521474094172574,460
sue_z,1,entry_month,2020-04-01,0.03335736789372968,4942
sue_z,1,entry_month,2020-05-01,0.0027016530664251753,1301
sue_z,1,entry_month,2020-06-01,0.04780210596690623,33
sue_z,1,entry_month,2020-07-01,0.14996331962157894,122
sue_z,1,entry_month,2020-08-01,0.02628061589379634,3206
sue_z,1,entry_month,2020-09-01,-0.17063911520444233,155
sue_z,1,entry_month,2020-10-01,0.04130293711175177,2220
sue_z,1,entry_month,2020-11-01,-0.04249833871437812,1349
sue_z,1,entry_month,2021-02-01,0.1288888888888889,26
sue_z,1,entry_month,2021-03-01,0.06134606637850217,706
sue_z,1,entry_month,2021-04-01,0.07765227066032847,5668
sue_z,1,entry_month,2021-05-01,-0.05005946991127675,1015
sue_z,1,entry_month,2021-07-01,0.03784839739331732,72
sue_z,1,entry_month,2021-08-01,0.015170001010289617,3424
sue_z,1,entry_month,2021-09-01,0.04304245199510315,393
sue_z,1,entry_month,2021-10-01,-0.08185869584941811,2294
sue_z,1,entry_month,2021-11-01,-0.08732209166281489,1669
sue_z,1,entry_month,2022-02-01,0.06818181818181818,23
sue_z,1,entry_month,2022-03-01,-0.0034681789089787297,762
sue_z,1,entry_month,2022-04-01,0.0022671109513015485,5185
sue_z,1,entry_month,2022-05-01,0.05407775843733307,2297
sue_z,1,entry_month,2022-07-01,-0.22260218238296806,48
sue_z,1,entry_month,2022-08-01,-0.020228274511645192,3749
sue_z,1,entry_month,2022-09-01,-0.09440867554051409,440
sue_z,1,entry_month,2022-10-01,-0.047554836883493073,3945
sue_z,1,entry_month,2022-11-01,-0.08950923163139328,365
sue_z,1,entry_month,2023-03-01,-0.0012074733035921925,684
sue_z,1,entry_month,2023-04-01,0.025012684825986415,5090
sue_z,1,entry_month,2023-05-01,0.05411219573670159,3117
sue_z,1,entry_month,2023-07-01,-0.1143661161790937,55
sue_z,1,entry_month,2023-08-01,-0.0036056693886687046,3923
sue_z,1,entry_month,2023-09-01,-0.16397654589383318,603
sue_z,1,entry_month,2023-10-01,-0.029211649201955483,3675
sue_z,1,entry_month,2023-11-01,0.012762081655529679,951
sue_z,1,entry_month,2024-03-01,-0.04652698677919101,525
sue_z,1,entry_month,2024-04-01,0.02199431478274229,7280
sue_z,1,entry_month,2024-05-01,-0.11597840254410298,1549
sue_z,1,entry_month,2024-07-01,-0.019591261451726565,44
sue_z,1,entry_month,2024-08-01,0.02074818753251264,3365
sue_z,1,entry_month,2024-09-01,-0.03960157101114095,1285
sue_z,5,entry_month,2019-04-01,0.034216517430770976,2512
sue_z,5,entry_month,2019-05-01,0.014173593889059746,743
sue_z,5,entry_month,2019-07-01,0.1027532316086243,79
sue_z,5,entry_month,2019-08-01,0.0355826223114514,2536
sue_z,5,entry_month,2019-09-01,-0.04288793325443753,665
sue_z,5,entry_month,2019-10-01,0.091705307677952,2799
sue_z,5,entry_month,2019-11-01,0.04713780113161773,516
sue_z,5,entry_month,2020-03-01,0.02584227811510721,460
sue_z,5,entry_month,2020-04-01,0.04189588285218557,4942
sue_z,5,entry_month,2020-05-01,0.007949776427942333,1301
sue_z,5,entry_month,2020-06-01,-0.06886177502924955,33
sue_z,5,entry_month,2020-07-01,0.01707097042825535,122
sue_z,5,entry_month,2020-08-01,-0.03762053125144731,3206
sue_z,5,entry_month,2020-09-01,-0.3442415062832777,155
sue_z,5,entry_month,2020-10-01,-0.04210159478552201,2220
sue_z,5,entry_month,2020-11-01,-0.01911641170427471,1349
sue_z,5,entry_month,2021-02-01,-0.1747008547008547,26
sue_z,5,entry_month,2021-03-01,0.04610615390954937,706
sue_z,5,entry_month,2021-04-01,0.02717028623950983,5668
sue_z,5,entry_month,2021-05-01,-0.09829873485159973,1015
sue_z,5,entry_month,2021-07-01,-0.10584367036542391,72
sue_z,5,entry_month,2021-08-01,-0.012568264077996386,3424
sue_z,5,entry_month,2021-09-01,-0.030372666123580944,393
sue_z,5,entry_month,2021-10-01,-0.17613110657528827,2294
sue_z,5,entry_month,2021-11-01,-0.17102166748956601,1669
sue_z,5,entry_month,2022-02-01,0.05632411067193676,23
sue_z,5,entry_month,2022-03-01,0.014037014705954427,762
sue_z,5,entry_month,2022-04-01,-0.044413253919802324,5185
sue_z,5,entry_month,2022-05-01,-0.007930040829719643,2297
sue_z,5,entry_month,2022-07-01,-0.1697334855673107,48
sue_z,5,entry_month,2022-08-01,-0.03692487328443822,3749
sue_z,5,entry_month,2022-09-01,0.030384966970398372,440
sue_z,5,entry_month,2022-10-01,-0.08290232934926019,3945
sue_z,5,entry_month,2022-11-01,-0.06044699668620956,365
sue_z,5,entry_month,2023-03-01,-0.08010195360354307,684
sue_z,5,entry_month,2023-04-01,0.006595614970480993,5090
sue_z,5,entry_month,2023-05-01,-0.041113654678242434,3117
sue_z,5,entry_month,2023-07-01,0.01024604952519325,55
sue_z,5,entry_month,2023-08-01,-0.06744642006390701,3923
sue_z,5,entry_month,2023-09-01,-0.16903855818250355,603
sue_z,5,entry_month,2023-10-01,-0.15789541573422472,3675
sue_z,5,entry_month,2023-11-01,-0.09321183240701808,951
sue_z,5,entry_month,2024-03-01,0.018347955095644915,525
sue_z,5,entry_month,2024-04-01,-0.0447268633494767,7280
sue_z,5,entry_month,2024-05-01,0.008365253487910342,1549
sue_z,5,entry_month,2024-07-01,-0.17265680056377727,44
sue_z,5,entry_month,2024-08-01,-0.02077539402164683,3365
sue_z,5,entry_month,2024-09-01,-0.054145079967181785,1284
sue_z,10,entry_month,2019-04-01,0.027459778100696528,2512
sue_z,10,entry_month,2019-05-01,0.05997939636480757,743
sue_z,10,entry_month,2019-07-01,0.24464459591041868,79
sue_z,10,entry_month,2019-08-01,-0.02813590634281621,2536
sue_z,10,entry_month,2019-09-01,-0.04645694027451336,665
sue_z,10,entry_month,2019-10-01,0.06986754394909515,2799
sue_z,10,entry_month,2019-11-01,0.03163109397597573,516
sue_z,10,entry_month,2020-03-01,0.06201497680687765,460
sue_z,10,entry_month,2020-04-01,0.028500008529086695,4942
sue_z,10,entry_month,2020-05-01,-0.011208306658556573,1301
sue_z,10,entry_month,2020-06-01,0.10563262577302358,33
sue_z,10,entry_month,2020-07-01,-0.10599797104667961,122
sue_z,10,entry_month,2020-08-01,-0.07018733076460228,3206
sue_z,10,entry_month,2020-09-01,-0.2962053463912345,155
sue_z,10,entry_month,2020-10-01,-0.07167519685523906,2220
sue_z,10,entry_month,2020-11-01,-0.12481729694273633,1349
sue_z,10,entry_month,2021-02-01,-0.1029059829059829,26
sue_z,10,entry_month,2021-03-01,-0.03613484732941933,706
sue_z,10,entry_month,2021-04-01,0.00221854320292457,5668
sue_z,10,entry_month,2021-05-01,-0.09743813588102875,1015
sue_z,10,entry_month,2021-07-01,-0.12706809229037702,72
sue_z,10,entry_month,2021-08-01,0.005052182244223299,3424
sue_z,10,entry_month,2021-09-01,0.05318246345356519,393
sue_z,10,entry_month,2021-10-01,-0.22959515439951045,2294
sue_z,10,entry_month,2021-11-01,-0.2209799078844369,1669
sue_z,10,entry_month,2022-02-01,0.05335968379446641,23
sue_z,10,entry_month,2022-03-01,-0.02780876095410401,762
sue_z,10,entry_month,2022-04-01,-0.03990883772547678,5185
sue_z,10,entry_month,2022-05-01,-0.007651858252325971,2297
sue_z,10,entry_month,2022-07-01,-0.10291483486908254,48
sue_z,10,entry_month,2022-08-01,-0.028383000163668234,3749
sue_z,10,entry_month,2022-09-01,-0.07093388608116026,440
sue_z,10,entry_month,2022-10-01,-0.11433210857220187,3945
sue_z,10,entry_month,2022-11-01,-0.21163418906997797,365
sue_z,10,entry_month,2023-03-01,-0.0439864889910912,684
sue_z,10,entry_month,2023-04-01,-0.0417820569510228,5090
sue_z,10,entry_month,2023-05-01,-0.05280858254371075,3117
sue_z,10,entry_month,2023-07-01,-0.11349206349206352,55
sue_z,10,entry_month,2023-08-01,-0.09655331651327083,3923
sue_z,10,entry_month,2023-09-01,-0.16097364737588202,603
sue_z,10,entry_month,2023-10-01,-0.15282311288165987,3675
sue_z,10,entry_month,2023-11-01,-0.14623423507450228,951
sue_z,10,entry_month,2024-03-01,0.10119946126909668,525
sue_z,10,entry_month,2024-04-01,0.043028394584943515,7280
sue_z,10,entry_month,2024-05-01,-0.013766245163134575,1549
sue_z,10,entry_month,2024-07-01,-0.2015503875968992,44
sue_z,10,entry_month,2024-08-01,-0.016670622072823806,3365
sue_z,10,entry_month,2024-09-01,-0.026636743227262474,1284
sue_z,20,entry_month,2019-04-01,0.04505734478033888,2512
sue_z,20,entry_month,2019-05-01,0.04391806850352676,743
sue_z,20,entry_month,2019-07-01,0.12840798442064266,79
sue_z,20,entry_month,2019-08-01,0.00919846525103778,2536
sue_z,20,entry_month,2019-09-01,0.010915648646204947,665
sue_z,20,entry_month,2019-10-01,0.029594162660758518,2799
sue_z,20,entry_month,2019-11-01,0.004080456614096715,516
sue_z,20,entry_month,2020-03-01,-0.003768351194461441,460
sue_z,20,entry_month,2020-04-01,-0.010557607208515021,4942
sue_z,20,entry_month,2020-05-01,-0.007209763724849212,1301
sue_z,20,entry_month,2020-06-01,0.10162126023733913,33
sue_z,20,entry_month,2020-07-01,-0.17460899679229824,122
sue_z,20,entry_month,2020-08-01,-0.04353401527420501,3206
sue_z,20,entry_month,2020-09-01,-0.16098999373675948,155
sue_z,20,entry_month,2020-10-01,-0.08112257609342047,2219
sue_z,20,entry_month,2020-11-01,-0.10897949338889355,1349
sue_z,20,entry_month,2021-02-01,-0.1651282051282051,26
sue_z,20,entry_month,2021-03-01,-0.04532921167306408,706
sue_z,20,entry_month,2021-04-01,-0.027764753955895477,5668
sue_z,20,entry_month,2021-05-01,-0.09537439695173121,1015
sue_z,20,entry_month,2021-07-01,0.011367381884908814,72
sue_z,20,entry_month,2021-08-01,0.02758134898098801,3424
sue_z,20,entry_month,2021-09-01,-0.14366740068627196,393
sue_z,20,entry_month,2021-10-01,-0.16585426807236803,2294
sue_z,20,entry_month,2021-11-01,-0.09850699123868763,1669
sue_z,20,entry_month,2022-02-01,0.09980237154150197,23
sue_z,20,entry_month,2022-03-01,-0.03769626108341548,762
sue_z,20,entry_month,2022-04-01,-0.03580545305615802,5185
sue_z,20,entry_month,2022-05-01,0.0026541170787338494,2296
sue_z,20,entry_month,2022-07-01,-0.0769690062470248,48
sue_z,20,entry_month,2022-08-01,0.010597659220063798,3749
sue_z,20,entry_month,2022-09-01,0.01194684677334624,440
sue_z,20,entry_month,2022-10-01,-0.12108178218638149,3945
sue_z,20,entry_month,2022-11-01,-0.21490870674338014,365
sue_z,20,entry_month,2023-03-01,0.08392707022836836,684
sue_z,20,entry_month,2023-04-01,-0.05794120936351584,5090
sue_z,20,entry_month,2023-05-01,-0.060704748181600834,3117
sue_z,20,entry_month,2023-07-01,-0.14588744588744593,55
sue_z,20,entry_month,2023-08-01,-0.07301865918475621,3923
sue_z,20,entry_month,2023-09-01,-0.07629057456314176,603
sue_z,20,entry_month,2023-10-01,-0.07390279842628104,3675
sue_z,20,entry_month,2023-11-01,-0.1190132084920513,951
sue_z,20,entry_month,2024-03-01,0.11638630988608888,525
sue_z,20,entry_month,2024-04-01,0.030439994187548516,7280
sue_z,20,entry_month,2024-05-01,0.041026565382943775,1549
sue_z,20,entry_month,2024-07-01,-0.24157857646229736,44
sue_z,20,entry_month,2024-08-01,-0.1307202149078249,3365
sue_z,20,entry_month,2024-09-01,-0.09417954553940006,1285
sue_z,40,entry_month,2019-04-01,0.0726204047795081,2512
sue_z,40,entry_month,2019-05-01,0.09992572118292617,743
sue_z,40,entry_month,2019-07-01,0.01063777994157741,79
sue_z,40,entry_month,2019-08-01,0.09694457491081925,2536
sue_z,40,entry_month,2019-09-01,0.1396976836766753,665
sue_z,40,entry_month,2019-10-01,-0.006658514319377617,2799
sue_z,40,entry_month,2019-11-01,-0.028514360434495886,516
sue_z,40,entry_month,2020-03-01,-0.011879867741827534,460
sue_z,40,entry_month,2020-04-01,0.03252865020552007,4941
sue_z,40,entry_month,2020-05-01,0.02089844346097312,1301
sue_z,40,entry_month,2020-06-01,0.06709440879926673,32
sue_z,40,entry_month,2020-07-01,-0.18765510427405438,122
sue_z,40,entry_month,2020-08-01,0.007367352166963682,3206
sue_z,40,entry_month,2020-09-01,-0.17540806628016292,155
sue_z,40,entry_month,2020-10-01,0.021720038345611918,2220
sue_z,40,entry_month,2020-11-01,0.04779737963194396,1349
sue_z,40,entry_month,2021-02-01,-0.11863247863247862,26
sue_z,40,entry_month,2021-03-01,-0.005505069907987804,706
sue_z,40,entry_month,2021-04-01,-0.006921646550479978,5668
sue_z,40,entry_month,2021-05-01,0.040556890318407195,1015
sue_z,40,entry_month,2021-07-01,-0.07941088985794148,72
sue_z,40,entry_month,2021-08-01,-0.014149900077601826,3424
sue_z,40,entry_month,2021-09-01,-0.18482282051755652,393
sue_z,40,entry_month,2021-10-01,-0.21470186938221994,2294
sue_z,40,entry_month,2021-11-01,-0.18574616823287018,1669
sue_z,40,entry_month,2022-02-01,0.0,23
sue_z,40,entry_month,2022-03-01,-0.0478962177836443,762
sue_z,40,entry_month,2022-04-01,-0.01909027601316796,5184
sue_z,40,entry_month,2022-05-01,0.01351718510911643,2297
sue_z,40,entry_month,2022-07-01,-0.11344515025125658,48
sue_z,40,entry_month,2022-08-01,-0.062176874282245595,3749
sue_z,40,entry_month,2022-09-01,-0.06316645089697556,440
sue_z,40,entry_month,2022-10-01,-0.14492904793654945,3945
sue_z,40,entry_month,2022-11-01,-0.18479904294415428,365
sue_z,40,entry_month,2023-03-01,-0.00664046349959701,684
sue_z,40,entry_month,2023-04-01,-0.018615221937793112,5090
sue_z,40,entry_month,2023-05-01,-0.0046141992598367956,3117
sue_z,40,entry_month,2023-07-01,-0.27698412698412705,55
sue_z,40,entry_month,2023-08-01,-0.10451598897452874,3923
sue_z,40,entry_month,2023-09-01,-0.21817542759625097,603
sue_z,40,entry_month,2023-10-01,0.010384576264374789,3675
sue_z,40,entry_month,2023-11-01,-0.05741831613760879,951
sue_z,40,entry_month,2024-03-01,0.03757124139207345,525
sue_z,40,entry_month,2024-04-01,0.060207969870441365,7280
sue_z,40,entry_month,2024-05-01,0.10910868541892947,1549
sue_z,40,entry_month,2024-07-01,-0.37618040873854824,44
sue_z,40,entry_month,2024-08-01,-0.07765178198470832,3365
sue_z,40,entry_month,2024-09-01,-0.06768299747829143,1284
sue_z,60,entry_month,2019-04-01,0.12399304183739164,2512
sue_z,60,entry_month,2019-05-01,0.15799669361476534,743
sue_z,60,entry_month,2019-07-01,0.061295034079844206,79
sue_z,60,entry_month,2019-08-01,0.06833955006167022,2536
sue_z,60,entry_month,2019-09-01,0.09613511507212207,665
sue_z,60,entry_month,2019-10-01,0.08601031904197182,2799
sue_z,60,entry_month,2019-11-01,0.11130955663489236,516
sue_z,60,entry_month,2020-03-01,0.012475151008198865,460
sue_z,60,entry_month,2020-04-01,0.056686959774644746,4942
sue_z,60,entry_month,2020-05-01,0.07421355034085975,1300
sue_z,60,entry_month,2020-06-01,-0.05482199565435401,33
sue_z,60,entry_month,2020-07-01,-0.061608821653966854,122
sue_z,60,entry_month,2020-08-01,-0.060006180114057894,3206
sue_z,60,entry_month,2020-09-01,-0.15827653439801437,155
sue_z,60,entry_month,2020-10-01,0.15514507388880142,2220
sue_z,60,entry_month,2020-11-01,0.09817767147320558,1349
sue_z,60,entry_month,2021-02-01,-0.15350427350427348,26
sue_z,60,entry_month,2021-03-01,0.02452520507391879,706
sue_z,60,entry_month,2021-04-01,0.07078611076431379,5668
sue_z,60,entry_month,2021-05-01,0.10608335718458331,1015
sue_z,60,entry_month,2021-07-01,-0.06831683964494703,72
sue_z,60,entry_month,2021-08-01,-0.10980500582495231,3424
sue_z,60,entry_month,2021-09-01,-0.1415406913099815,393
sue_z,60,entry_month,2021-10-01,-0.22410582812445884,2294
sue_z,60,entry_month,2021-11-01,-0.13142046905354549,1669
sue_z,60,entry_month,2022-02-01,-0.1116600790513834,23
sue_z,60,entry_month,2022-03-01,0.0007232457388820093,762
sue_z,60,entry_month,2022-04-01,-0.024299944233718163,5185
sue_z,60,entry_month,2022-05-01,-0.015897773765508105,2297
sue_z,60,entry_month,2022-07-01,-0.1936709550700878,48
sue_z,60,entry_month,2022-08-01,-0.11034614000959388,3749
sue_z,60,entry_month,2022-09-01,-0.18262732881958196,440
sue_z,60,entry_month,2022-10-01,-0.11422127241760997,3945
sue_z,60,entry_month,2022-11-01,-0.11846838134632222,365
sue_z,60,entry_month,2023-03-01,-0.025856542281935138,684
sue_z,60,entry_month,2023-04-01,-0.06277362734476506,5090
sue_z,60,entry_month,2023-05-01,-0.02755380345748845,3117
sue_z,60,entry_month,2023-07-01,-0.28701298701298705,55
sue_z,60,entry_month,2023-08-01,-0.13331777629371291,3923
sue_z,60,entry_month,2023-09-01,-0.15671115791645723,603
sue_z,60,entry_month,2023-10-01,0.15115963825919607,3675
sue_z,60,entry_month,2023-11-01,0.14895479202439557,951
sue_z,60,entry_month,2024-03-01,0.06533940995055018,525
sue_z,60,entry_month,2024-04-01,0.06479661145551457,7280
sue_z,60,entry_month,2024-05-01,0.06639773504250486,1549
sue_z,60,entry_month,2024-07-01,-0.19830866807610992,44
sue_z,60,entry_month,2024-08-01,-0.12893059014470998,191
sue_ind_neutral,1,entry_month,2019-04-01,0.05862194276935482,2512
sue_ind_neutral,1,entry_month,2019-05-01,0.08090097870254605,743
sue_ind_neutral,1,entry_month,2019-07-01,-0.09175004262802772,79
sue_ind_neutral,1,entry_month,2019-08-01,-0.002446799589601169,2536
sue_ind_neutral,1,entry_month,2019-09-01,0.023875483495185968,665
sue_ind_neutral,1,entry_month,2019-10-01,0.019156956254062413,2799
sue_ind_neutral,1,entry_month,2019-11-01,0.006607995069393154,516
sue_ind_neutral,1,entry_month,2020-03-01,0.03802787760223436,460
sue_ind_neutral,1,entry_month,2020-04-01,0.02799727129337946,4942
sue_ind_neutral,1,entry_month,2020-05-01,-0.041031819889531654,1301
sue_ind_neutral,1,entry_month,2020-06-01,0.057324308715225154,33
sue_ind_neutral,1,entry_month,2020-07-01,0.12580651026232273,122
sue_ind_neutral,1,entry_month,2020-08-01,0.007720604007624164,3206
sue_ind_neutral,1,entry_month,2020-09-01,-0.1695729095845536,155
sue_ind_neutral,1,entry_month,2020-10-01,0.02601535104362221,2220
sue_ind_neutral,1,entry_month,2020-11-01,-0.05155130441046374,1349
sue_ind_neutral,1,entry_month,2021-02-01,0.11452991452991453,26
sue_ind_neutral,1,entry_month,2021-03-01,0.053452294179291676,706
sue_ind_neutral,1,entry_month,2021-04-01,0.052282373068955994,5668
sue_ind_neutral,1,entry_month,2021-05-01,-0.08476009908042052,1015
sue_ind_neutral,1,entry_month,2021-07-01,0.021030291337063484,72
sue_ind_neutral,1,entry_month,2021-08-01,-0.00029412516194307495,3424
sue_ind_neutral,1,entry_month,2021-09-01,-0.016921822560005798,393
sue_ind_neutral,1,entry_month,2021-10-01,-0.048452164065172984,2294
sue_ind_neutral,1,entry_month,2021-11-01,-0.059288520300112765,1669
sue_ind_neutral,1,entry_month,2022-02-01,0.3527667984189723,23
sue_ind_neutral,1,entry_month,2022-03-01,-0.0366778929585062,762
sue_ind_neutral,1,entry_month,2022-04-01,0.0023126138698782986,5185
sue_ind_neutral,1,entry_month,2022-05-01,0.02231310146019829,2297
sue_ind_neutral,1,entry_month,2022-07-01,-0.23686495874945726,48
sue_ind_neutral,1,entry_month,2022-08-01,-0.0051705947620200275,3749
sue_ind_neutral,1,entry_month,2022-09-01,-0.0914503848590367,440
sue_ind_neutral,1,entry_month,2022-10-01,-0.036973292620951746,3945
sue_ind_neutral,1,entry_month,2022-11-01,-0.10913727606709499,365
sue_ind_neutral,1,entry_month,2023-03-01,-0.005418667498810081,684
sue_ind_neutral,1,entry_month,2023-04-01,0.0030187507807227696,5090
sue_ind_neutral,1,entry_month,2023-05-01,0.0328610833776025,3117
sue_ind_neutral,1,entry_month,2023-07-01,-0.10267696108697182,55
sue_ind_neutral,1,entry_month,2023-08-01,0.0037186618791145536,3923
sue_ind_neutral,1,entry_month,2023-09-01,-0.07539110700554164,603
sue_ind_neutral,1,entry_month,2023-10-01,-0.02367237325154826,3675
sue_ind_neutral,1,entry_month,2023-11-01,-0.0412407831113377,951
sue_ind_neutral,1,entry_month,2024-03-01,-0.029083746245754195,525
sue_ind_neutral,1,entry_month,2024-04-01,0.0058191740193706595,7280
sue_ind_neutral,1,entry_month,2024-05-01,-0.052358685373668466,1549
sue_ind_neutral,1,entry_month,2024-07-01,0.01719520789288231,44
sue_ind_neutral,1,entry_month,2024-08-01,0.024804785719577272,3365
sue_ind_neutral,1,entry_month,2024-09-01,-0.016351414583706488,1285
sue_ind_neutral,5,entry_month,2019-04-01,0.03744004815389923,2512
sue_ind_neutral,5,entry_month,2019-05-01,0.02902267472620145,743
sue_ind_neutral,5,entry_month,2019-07-01,0.08069816697052586,79
sue_ind_neutral,5,entry_month,2019-08-01,0.030386430630787702,2536
sue_ind_neutral,5,entry_month,2019-09-01,-0.016306642740164787,665
sue_ind_neutral,5,entry_month,2019-10-01,0.06656233021964134,2799
sue_ind_neutral,5,entry_month,2019-11-01,0.05159799269534548,516
sue_ind_neutral,5,entry_month,2020-03-01,0.025486687587220985,460
sue_ind_neutral,5,entry_month,2020-04-01,0.015228700668049731,4942
sue_ind_neutral,5,entry_month,2020-05-01,-0.01412733857320803,1301
sue_ind_neutral,5,entry_month,2020-06-01,-0.09476059195782117,33
sue_ind_neutral,5,entry_month,2020-07-01,0.034696922383031986,122
sue_ind_neutral,5,entry_month,2020-08-01,-0.03768557807266551,3206
sue_ind_neutral,5,entry_month,2020-09-01,-0.28644328610454034,155
sue_ind_neutral,5,entry_month,2020-10-01,-0.03815882875068167,2220
sue_ind_neutral,5,entry_month,2020-11-01,-0.03667945934180268,1349
sue_ind_neutral,5,entry_month,2021-02-01,-0.2492307692307692,26
sue_ind_neutral,5,entry_month,2021-03-01,0.043751770646687956,706
sue_ind_neutral,5,entry_month,2021-04-01,0.00536746906591783,5668
sue_ind_neutral,5,entry_month,2021-05-01,-0.09029227227580573,1015
sue_ind_neutral,5,entry_month,2021-07-01,-0.15798443629815423,72
sue_ind_neutral,5,entry_month,2021-08-01,-0.018143476753855588,3424
sue_ind_neutral,5,entry_month,2021-09-01,-0.02337188794980899,393
sue_ind_neutral,5,entry_month,2021-10-01,-0.09892227657461618,2294
sue_ind_neutral,5,entry_month,2021-11-01,-0.10959962118162035,1669
sue_ind_neutral,5,entry_month,2022-02-01,0.11363636363636365,23
sue_ind_neutral,5,entry_month,2022-03-01,-0.01196694142297435,762
sue_ind_neutral,5,entry_month,2022-04-01,-0.04559466208533082,5185
sue_ind_neutral,5,entry_month,2022-05-01,-0.0032743807723449527,2297
sue_ind_neutral,5,entry_month,2022-07-01,-0.1648936170212766,48
sue_ind_neutral,5,entry_month,2022-08-01,-0.015310750582368785,3749
sue_ind_neutral,5,entry_month,2022-09-01,0.06766982751176386,440
sue_ind_neutral,5,entry_month,2022-10-01,-0.08299652501107377,3945
sue_ind_neutral,5,entry_month,2022-11-01,-0.047355224272524477,365
sue_ind_neutral,5,entry_month,2023-03-01,-0.08609607563380624,684
sue_ind_neutral,5,entry_month,2023-04-01,-0.005214318431423218,5090
sue_ind_neutral,5,entry_month,2023-05-01,-0.015036162565720091,3117
sue_ind_neutral,5,entry_month,2023-07-01,0.048199725935416146,55
sue_ind_neutral,5,entry_month,2023-08-01,-0.02125603420791665,3923
sue_ind_neutral,5,entry_month,2023-09-01,-0.09745972503480863,603
sue_ind_neutral,5,entry_month,2023-10-01,-0.1238159376830064,3675
sue_ind_neutral,5,entry_month,2023-11-01,-0.05334917796358692,951
sue_ind_neutral,5,entry_month,2024-03-01,0.0423972924585828,525
sue_ind_neutral,5,entry_month,2024-04-01,-0.049626005094259004,7280
sue_ind_neutral,5,entry_month,2024-05-01,0.03401647322493782,1549
sue_ind_neutral,5,entry_month,2024-07-01,-0.1489781536293164,44
sue_ind_neutral,5,entry_month,2024-08-01,-0.004101653977724029,3365
sue_ind_neutral,5,entry_month,2024-09-01,-0.0019159495343261171,1284
sue_ind_neutral,10,entry_month,2019-04-01,0.02828547676310136,2512
sue_ind_neutral,10,entry_month,2019-05-01,0.08369069432840429,743
sue_ind_neutral,10,entry_month,2019-07-01,0.20277507302823763,79
sue_ind_neutral,10,entry_month,2019-08-01,-0.026659934924392868,2536
sue_ind_neutral,10,entry_month,2019-09-01,-0.0047979469140449925,665
sue_ind_neutral,10,entry_month,2019-10-01,0.0584107081041336,2799
sue_ind_neutral,10,entry_month,2019-11-01,0.03620664080653767,516
sue_ind_neutral,10,entry_month,2020-03-01,0.07634171977961018,460
sue_ind_neutral,10,entry_month,2020-04-01,-0.0013048574186322263,4942
sue_ind_neutral,10,entry_month,2020-05-01,-0.013161479361931688,1301
sue_ind_neutral,10,entry_month,2020-06-01,0.11815826898444369,33
sue_ind_neutral,10,entry_month,2020-07-01,-0.060491605823217484,122
sue_ind_neutral,10,entry_month,2020-08-01,-0.0423258111463914,3206
sue_ind_neutral,10,entry_month,2020-09-01,-0.22111436950146626,155
sue_ind_neutral,10,entry_month,2020-10-01,-0.04725091668082413,2220
sue_ind_neutral,10,entry_month,2020-11-01,-0.0924509171460344,1349
sue_ind_neutral,10,entry_month,2021-02-01,-0.14598290598290597,26
sue_ind_neutral,10,entry_month,2021-03-01,-0.020978576234145355,706
sue_ind_neutral,10,entry_month,2021-04-01,-0.003745492647364953,5668
sue_ind_neutral,10,entry_month,2021-05-01,-0.06808272303508942,1015
sue_ind_neutral,10,entry_month,2021-07-01,-0.17769774341161557,72
sue_ind_neutral,10,entry_month,2021-08-01,-0.023587274077063118,3424
sue_ind_neutral,10,entry_month,2021-09-01,-0.014857643941735426,393
sue_ind_neutral,10,entry_month,2021-10-01,-0.1494269562219732,2294
sue_ind_neutral,10,entry_month,2021-11-01,-0.14837618506589553,1669
sue_ind_neutral,10,entry_month,2022-02-01,0.0,23
sue_ind_neutral,10,entry_month,2022-03-01,-0.05901856802593953,762
sue_ind_neutral,10,entry_month,2022-04-01,-0.03978719565211795,5185
sue_ind_neutral,10,entry_month,2022-05-01,-0.003885386379769062,2297
sue_ind_neutral,10,entry_month,2022-07-01,-0.1289622231871472,48
sue_ind_neutral,10,entry_month,2022-08-01,-0.009315776439608294,3749
sue_ind_neutral,10,entry_month,2022-09-01,0.003488849093971017,440
sue_ind_neutral,10,entry_month,2022-10-01,-0.07670345287122944,3945
sue_ind_neutral,10,entry_month,2022-11-01,-0.15274677803910286,365
sue_ind_neutral,10,entry_month,2023-03-01,-0.043484210507756825,684
sue_ind_neutral,10,entry_month,2023-04-01,-0.043133360378092137,5090
sue_ind_neutral,10,entry_month,2023-05-01,-0.023692678416923445,3117
sue_ind_neutral,10,entry_month,2023-07-01,-0.07012987012987015,55
sue_ind_neutral,10,entry_month,2023-08-01,-0.04171319206714886,3923
sue_ind_neutral,10,entry_month,2023-09-01,-0.1494827934419643,603
sue_ind_neutral,10,entry_month,2023-10-01,-0.09601052211049649,3675
sue_ind_neutral,10,entry_month,2023-11-01,-0.10329027122454026,951
sue_ind_neutral,10,entry_month,2024-03-01,0.07431292106537886,525
sue_ind_neutral,10,entry_month,2024-04-01,0.020185921866211754,7280
sue_ind_neutral,10,entry_month,2024-05-01,0.017608031668288695,1549
sue_ind_neutral,10,entry_month,2024-07-01,-0.1997181113460183,44
sue_ind_neutral,10,entry_month,2024-08-01,0.013175422777399245,3365
sue_ind_neutral,10,entry_month,2024-09-01,0.02558444319763812,1284
sue_ind_neutral,20,entry_month,2019-04-01,0.04648681296291705,2512
sue_ind_neutral,20,entry_month,2019-05-01,0.039294741580585615,743
sue_ind_neutral,20,entry_month,2019-07-01,0.07833495618305746,79
sue_ind_neutral,20,entry_month,2019-08-01,0.013061339828527157,2536
sue_ind_neutral,20,entry_month,2019-09-01,0.015510639858246614,665
sue_ind_neutral,20,entry_month,2019-10-01,0.02829846240436754,2799
sue_ind_neutral,20,entry_month,2019-11-01,0.04247386066991491,516
sue_ind_neutral,20,entry_month,2020-03-01,0.026313139658219777,460
sue_ind_neutral,20,entry_month,2020-04-01,-0.020901553668125877,4942
sue_ind_neutral,20,entry_month,2020-05-01,0.023308296464121844,1301
sue_ind_neutral,20,entry_month,2020-06-01,0.14189019854001794,33
sue_ind_neutral,20,entry_month,2020-07-01,-0.13239023793845653,122
sue_ind_neutral,20,entry_month,2020-08-01,-0.02419058235212074,3206
sue_ind_neutral,20,entry_month,2020-09-01,-0.12280622603203248,155
sue_ind_neutral,20,entry_month,2020-10-01,-0.04961012144061386,2219
sue_ind_neutral,20,entry_month,2020-11-01,-0.08912545876280877,1349
sue_ind_neutral,20,entry_month,2021-02-01,-0.174017094017094,26
sue_ind_neutral,20,entry_month,2021-03-01,-0.038544901481876566,706
sue_ind_neutral,20,entry_month,2021-04-01,-0.03655143561184565,5668
sue_ind_neutral,20,entry_month,2021-05-01,-0.09378897183260407,1015
sue_ind_neutral,20,entry_month,2021-07-01,-0.09161360859219243,72
sue_ind_neutral,20,entry_month,2021-08-01,0.013771219631659922,3424
sue_ind_neutral,20,entry_month,2021-09-01,-0.11131700457368834,393
sue_ind_neutral,20,entry_month,2021-10-01,-0.12542323515369175,2294
sue_ind_neutral,20,entry_month,2021-11-01,-0.08367234794003561,1669
sue_ind_neutral,20,entry_month,2022-02-01,0.12055335968379448,23
sue_ind_neutral,20,entry_month,2022-03-01,-0.0759912807764051,762
sue_ind_neutral,20,entry_month,2022-04-01,-0.048327725085236424,5185
sue_ind_neutral,20,entry_month,2022-05-01,-0.02255371426478871,2296
sue_ind_neutral,20,entry_month,2022-07-01,-0.1075770733825445,48
sue_ind_neutral,20,entry_month,2022-08-01,0.02315035680601732,3749
sue_ind_neutral,20,entry_month,2022-09-01,0.029602615547127866,440
sue_ind_neutral,20,entry_month,2022-10-01,-0.07427635864627025,3945
sue_ind_neutral,20,entry_month,2022-11-01,-0.14776841660673598,365
sue_ind_neutral,20,entry_month,2023-03-01,0.06361352142605138,684
sue_ind_neutral,20,entry_month,2023-04-01,-0.058068776048338544,5090
sue_ind_neutral,20,entry_month,2023-05-01,-0.01556412374577145,3117
sue_ind_neutral,20,entry_month,2023-07-01,-0.0637806637806638,55
sue_ind_neutral,20,entry_month,2023-08-01,-0.03829710508563944,3923
sue_ind_neutral,20,entry_month,2023-09-01,-0.06554321910814041,603
sue_ind_neutral,20,entry_month,2023-10-01,-0.0633588252168814,3675
sue_ind_neutral,20,entry_month,2023-11-01,-0.11053315482282514,951
sue_ind_neutral,20,entry_month,2024-03-01,0.08426046249341754,525
sue_ind_neutral,20,entry_month,2024-04-01,0.009178483829271859,7280
sue_ind_neutral,20,entry_month,2024-05-01,0.05816168093163529,1549
sue_ind_neutral,20,entry_month,2024-07-01,-0.1832276250880902,44
sue_ind_neutral,20,entry_month,2024-08-01,-0.09203359080472837,3365
sue_ind_neutral,20,entry_month,2024-09-01,-0.03240995034018423,1285
sue_ind_neutral,40,entry_month,2019-04-01,0.057558766466829336,2512
sue_ind_neutral,40,entry_month,2019-05-01,0.05244422012205399,743
sue_ind_neutral,40,entry_month,2019-07-01,-0.029576436222005845,79
sue_ind_neutral,40,entry_month,2019-08-01,0.06817666953506378,2536
sue_ind_neutral,40,entry_month,2019-09-01,0.13658431785223382,665
sue_ind_neutral,40,entry_month,2019-10-01,0.022011751640071093,2799
sue_ind_neutral,40,entry_month,2019-11-01,0.019762793805805957,516
sue_ind_neutral,40,entry_month,2020-03-01,0.01987167644716607,460
sue_ind_neutral,40,entry_month,2020-04-01,0.01365535599877486,4941
sue_ind_neutral,40,entry_month,2020-05-01,0.00821900009533514,1301
sue_ind_neutral,40,entry_month,2020-06-01,0.04289249399372761,32
sue_ind_neutral,40,entry_month,2020-07-01,-0.13362610926905216,122
sue_ind_neutral,40,entry_month,2020-08-01,0.002051769270853067,3206
sue_ind_neutral,40,entry_month,2020-09-01,-0.12675711385388802,155
sue_ind_neutral,40,entry_month,2020-10-01,-0.0018337247401656015,2220
sue_ind_neutral,40,entry_month,2020-11-01,0.018062117571493487,1349
sue_ind_neutral,40,entry_month,2021-02-01,-0.07829059829059828,26
sue_ind_neutral,40,entry_month,2021-03-01,-0.011735883857069246,706
sue_ind_neutral,40,entry_month,2021-04-01,-0.03330790682417718,5668
sue_ind_neutral,40,entry_month,2021-05-01,0.0014618485053415516,1015
sue_ind_neutral,40,entry_month,2021-07-01,-0.13971959611550586,72
sue_ind_neutral,40,entry_month,2021-08-01,0.004287921346106381,3424
sue_ind_neutral,40,entry_month,2021-09-01,-0.13657555945496852,393
sue_ind_neutral,40,entry_month,2021-10-01,-0.14745583897968131,2294
sue_ind_neutral,40,entry_month,2021-11-01,-0.10618558709201754,1669
sue_ind_neutral,40,entry_month,2022-02-01,0.09189723320158102,23
sue_ind_neutral,40,entry_month,2022-03-01,-0.0518271900295382,762
sue_ind_neutral,40,entry_month,2022-04-01,-0.025375239547221012,5184
sue_ind_neutral,40,entry_month,2022-05-01,-0.011893327292886452,2297
sue_ind_neutral,40,entry_month,2022-07-01,-0.12983065566652194,48
sue_ind_neutral,40,entry_month,2022-08-01,-0.0334934869203092,3749
sue_ind_neutral,40,entry_month,2022-09-01,-0.04520041191046723,440
sue_ind_neutral,40,entry_month,2022-10-01,-0.08834601406134154,3945
sue_ind_neutral,40,entry_month,2022-11-01,-0.13713960108616885,365
sue_ind_neutral,40,entry_month,2023-03-01,-0.02170694306909588,684
sue_ind_neutral,40,entry_month,2023-04-01,-0.023576614324989014,5090
sue_ind_neutral,40,entry_month,2023-05-01,0.03006025140609222,3117
sue_ind_neutral,40,entry_month,2023-07-01,-0.1282828282828283,55
sue_ind_neutral,40,entry_month,2023-08-01,-0.06022921278127495,3923
sue_ind_neutral,40,entry_month,2023-09-01,-0.1725841573236673,603
sue_ind_neutral,40,entry_month,2023-10-01,0.00047252202063751753,3675
sue_ind_neutral,40,entry_month,2023-11-01,-0.055227358490793084,951
sue_ind_neutral,40,entry_month,2024-03-01,0.018941498726691815,525
sue_ind_neutral,40,entry_month,2024-04-01,0.03874172801613202,7280
sue_ind_neutral,40,entry_month,2024-05-01,0.10865872603715514,1549
sue_ind_neutral,40,entry_month,2024-07-01,-0.319661733615222,44
sue_ind_neutral,40,entry_month,2024-08-01,-0.012874850576892354,3365
sue_ind_neutral,40,entry_month,2024-09-01,0.012219496404469942,1284
sue_ind_neutral,60,entry_month,2019-04-01,0.10444243056331162,2512
sue_ind_neutral,60,entry_month,2019-05-01,0.10925637580328429,743
sue_ind_neutral,60,entry_month,2019-07-01,-0.009810126582278481,79
sue_ind_neutral,60,entry_month,2019-08-01,0.05324671579559739,2536
sue_ind_neutral,60,entry_month,2019-09-01,0.11138133673595721,665
sue_ind_neutral,60,entry_month,2019-10-01,0.11598364951312583,2799
sue_ind_neutral,60,entry_month,2019-11-01,0.1250607451237349,516
sue_ind_neutral,60,entry_month,2020-03-01,0.07057190439824369,460
sue_ind_neutral,60,entry_month,2020-04-01,0.030626187264094246,4942
sue_ind_neutral,60,entry_month,2020-05-01,0.053428338351403384,1300
sue_ind_neutral,60,entry_month,2020-06-01,-0.06467786435216366,33
sue_ind_neutral,60,entry_month,2020-07-01,-0.029383336555230517,122
sue_ind_neutral,60,entry_month,2020-08-01,-0.04655677019879819,3206
sue_ind_neutral,60,entry_month,2020-09-01,-0.05992394702072121,155
sue_ind_neutral,60,entry_month,2020-10-01,0.12286314526383406,2220
sue_ind_neutral,60,entry_month,2020-11-01,0.08005539246357042,1349
sue_ind_neutral,60,entry_month,2021-02-01,-0.03931623931623932,26
sue_ind_neutral,60,entry_month,2021-03-01,0.009055198526335838,706
sue_ind_neutral,60,entry_month,2021-04-01,0.015346635995653368,5668
sue_ind_neutral,60,entry_month,2021-05-01,0.006920819807271206,1015
sue_ind_neutral,60,entry_month,2021-07-01,-0.07122644543057433,72
sue_ind_neutral,60,entry_month,2021-08-01,-0.06244450790019206,3424
sue_ind_neutral,60,entry_month,2021-09-01,-0.13249190900444194,393
sue_ind_neutral,60,entry_month,2021-10-01,-0.1410182551483532,2294
sue_ind_neutral,60,entry_month,2021-11-01,-0.05373617481225809,1669
sue_ind_neutral,60,entry_month,2022-02-01,-0.03754940711462451,23
sue_ind_neutral,60,entry_month,2022-03-01,-0.034839370546034434,762
sue_ind_neutral,60,entry_month,2022-04-01,-0.02949365451810044,5185
sue_ind_neutral,60,entry_month,2022-05-01,-0.033049927197944286,2297
sue_ind_neutral,60,entry_month,2022-07-01,-0.11930091185410333,48
sue_ind_neutral,60,entry_month,2022-08-01,-0.05697468887350487,3749
sue_ind_neutral,60,entry_month,2022-09-01,-0.0951406250418224,440
sue_ind_neutral,60,entry_month,2022-10-01,-0.05928927327539118,3945
sue_ind_neutral,60,entry_month,2022-11-01,-0.09560946634439214,365
sue_ind_neutral,60,entry_month,2023-03-01,-0.028586886255871434,684
sue_ind_neutral,60,entry_month,2023-04-01,-0.06750228757985059,5090
sue_ind_neutral,60,entry_month,2023-05-01,0.003425568541232101,3117
sue_ind_neutral,60,entry_month,2023-07-01,-0.1540404040404041,55
sue_ind_neutral,60,entry_month,2023-08-01,-0.09112041722502205,3923
sue_ind_neutral,60,entry_month,2023-09-01,-0.13099653327830746,603
sue_ind_neutral,60,entry_month,2023-10-01,0.10553071976154757,3675
sue_ind_neutral,60,entry_month,2023-11-01,0.06116001583412309,951
sue_ind_neutral,60,entry_month,2024-03-01,0.04258878555050151,525
sue_ind_neutral,60,entry_month,2024-04-01,0.038505892677659345,7280
sue_ind_neutral,60,entry_month,2024-05-01,0.07174430994073178,1549
sue_ind_neutral,60,entry_month,2024-07-01,-0.07089499647639182,44
sue_ind_neutral,60,entry_month,2024-08-01,-0.049786442546155954,191
sue_neutral,1,entry_month,2019-04-01,0.053373626955421256,2511
sue_neutral,1,entry_month,2019-05-01,0.09368818619255787,743
sue_neutral,1,entry_month,2019-07-01,-0.10070839117860196,79
sue_neutral,1,entry_month,2019-08-01,-0.011010469282988537,2536
sue_neutral,1,entry_month,2019-09-01,0.034868373490788855,665
sue_neutral,1,entry_month,2019-10-01,0.01173570521252587,2799
sue_neutral,1,entry_month,2019-11-01,-0.01978755745540341,516
sue_neutral,1,entry_month,2020-03-01,0.044455074530533725,460
sue_neutral,1,entry_month,2020-04-01,0.022694962196637556,4942
sue_neutral,1,entry_month,2020-05-01,-0.044881042671090776,1301
sue_neutral,1,entry_month,2020-06-01,0.10077713747895269,33
sue_neutral,1,entry_month,2020-07-01,0.13142750456129598,122
sue_neutral,1,entry_month,2020-08-01,0.009211389639184957,3206
sue_neutral,1,entry_month,2020-09-01,-0.16555433455125942,155
sue_neutral,1,entry_month,2020-10-01,0.014367150278284873,2220
sue_neutral,1,entry_month,2020-11-01,-0.02414760086637141,1348
sue_neutral,1,entry_month,2021-02-01,0.13367521367521365,26
sue_neutral,1,entry_month,2021-03-01,0.017478255528309474,706
sue_neutral,1,entry_month,2021-04-01,0.045774043018884575,5668
sue_neutral,1,entry_month,2021-05-01,-0.06861607106012291,1015
sue_neutral,1,entry_month,2021-07-01,0.02582159624413146,72
sue_neutral,1,entry_month,2021-08-01,-0.005853851394585417,3424
sue_neutral,1,entry_month,2021-09-01,0.004783299529857301,393
sue_neutral,1,entry_month,2021-10-01,-0.037735325770003186,2294
sue_neutral,1,entry_month,2021-11-01,-0.08417943651423475,1669
sue_neutral,1,entry_month,2022-02-01,0.299407114624506,23
sue_neutral,1,entry_month,2022-03-01,-0.024567937026181923,762
sue_neutral,1,entry_month,2022-04-01,0.011336942924511938,5185
sue_neutral,1,entry_month,2022-05-01,0.051627491299082624,2297
sue_neutral,1,entry_month,2022-07-01,-0.22742075553625704,48
sue_neutral,1,entry_month,2022-08-01,0.004620439826401304,3749
sue_neutral,1,entry_month,2022-09-01,-0.016268713138694286,440
sue_neutral,1,entry_month,2022-10-01,-0.04182048216753392,3945
sue_neutral,1,entry_month,2022-11-01,-0.0944752430901525,365
sue_neutral,1,entry_month,2023-03-01,-0.01942896481695059,684
sue_neutral,1,entry_month,2023-04-01,0.005176321178914336,5090
sue_neutral,1,entry_month,2023-05-01,0.033866772038167965,3117
sue_neutral,1,entry_month,2023-07-01,-0.09762609160272162,55
sue_neutral,1,entry_month,2023-08-01,0.008484885019054013,3923
sue_neutral,1,entry_month,2023-09-01,-0.06844458946921718,603
sue_neutral,1,entry_month,2023-10-01,-0.01343235319350492,3675
sue_neutral,1,entry_month,2023-11-01,-0.053655895658095226,951
sue_neutral,1,entry_month,2024-03-01,-0.009619696750079107,525
sue_neutral,1,entry_month,2024-04-01,0.015569650881286224,7280
sue_neutral,1,entry_month,2024-05-01,-0.02510732691654381,1549
sue_neutral,1,entry_month,2024-07-01,0.05144467935165609,44
sue_neutral,1,entry_month,2024-08-01,0.032727557725050836,3365
sue_neutral,1,entry_month,2024-09-01,-0.019576201569381883,1285
sue_neutral,5,entry_month,2019-04-01,0.0475432698259148,2511
sue_neutral,5,entry_month,2019-05-01,0.06463383554947476,743
sue_neutral,5,entry_month,2019-07-01,0.07906716329419848,79
sue_neutral,5,entry_month,2019-08-01,0.0302335123009756,2536
sue_neutral,5,entry_month,2019-09-01,0.00029320698521827573,665
sue_neutral,5,entry_month,2019-10-01,0.04556359862380411,2799
sue_neutral,5,entry_month,2019-11-01,0.00984523931029564,516
sue_neutral,5,entry_month,2020-03-01,-0.017490532313478187,460
sue_neutral,5,entry_month,2020-04-01,0.014476983501745566,4942
sue_neutral,5,entry_month,2020-05-01,-0.020035947082244925,1301
sue_neutral,5,entry_month,2020-06-01,-0.06634912699692241,33
sue_neutral,5,entry_month,2020-07-01,0.045056432065965824,122
sue_neutral,5,entry_month,2020-08-01,-0.01977250586092089,3206
sue_neutral,5,entry_month,2020-09-01,-0.24626700934550425,155
sue_neutral,5,entry_month,2020-10-01,-0.05785119394198511,2220
sue_neutral,5,entry_month,2020-11-01,-0.04732494658733689,1348
sue_neutral,5,entry_month,2021-02-01,-0.1569230769230769,26
sue_neutral,5,entry_month,2021-03-01,0.04474056518322094,706
sue_neutral,5,entry_month,2021-04-01,0.006648328146573651,5668
sue_neutral,5,entry_month,2021-05-01,-0.04723281422481536,1015
sue_neutral,5,entry_month,2021-07-01,-0.18210174287735548,72
sue_neutral,5,entry_month,2021-08-01,-0.014280300747767065,3424
sue_neutral,5,entry_month,2021-09-01,0.014113994959838526,393
sue_neutral,5,entry_month,2021-10-01,-0.08180772964824529,2294
sue_neutral,5,entry_month,2021-11-01,-0.07894298356203037,1669
sue_neutral,5,entry_month,2022-02-01,0.05335968379446641,23
sue_neutral,5,entry_month,2022-03-01,-0.008599359946524738,762
sue_neutral,5,entry_month,2022-04-01,-0.024807828110015605,5185
sue_neutral,5,entry_month,2022-05-01,0.04940032578367125,2297
sue_neutral,5,entry_month,2022-07-01,-0.15099869735128094,48
sue_neutral,5,entry_month,2022-08-01,0.00040099426808112864,3749
sue_neutral,5,entry_month,2022-09-01,0.10732621749918295,440
sue_neutral,5,entry_month,2022-10-01,-0.07596457665552074,3945
sue_neutral,5,entry_month,2022-11-01,-0.009994755967408234,365
sue_neutral,5,entry_month,2023-03-01,-0.12484159684632255,684
sue_neutral,5,entry_month,2023-04-01,0.0009023067684554187,5090
sue_neutral,5,entry_month,2023-05-01,-0.005243072217492376,3117
sue_neutral,5,entry_month,2023-07-01,0.0036077639173215676,55
sue_neutral,5,entry_month,2023-08-01,-0.01338308921164393,3923
sue_neutral,5,entry_month,2023-09-01,-0.06567636554598776,603
sue_neutral,5,entry_month,2023-10-01,-0.10110789330828246,3675
sue_neutral,5,entry_month,2023-11-01,-0.043057841374745866,951
sue_neutral,5,entry_month,2024-03-01,0.033446665864339614,525
sue_neutral,5,entry_month,2024-04-01,-0.02846389147742623,7280
sue_neutral,5,entry_month,2024-05-01,0.005801787630751589,1549
sue_neutral,5,entry_month,2024-07-01,-0.07709654686398872,44
sue_neutral,5,entry_month,2024-08-01,0.00018034574360802723,3365
sue_neutral,5,entry_month,2024-09-01,0.0044671986294988406,1284
sue_neutral,10,entry_month,2019-04-01,0.04344766099559131,2511
sue_neutral,10,entry_month,2019-05-01,0.10127973107947179,743
sue_neutral,10,entry_month,2019-07-01,0.19427945472249272,79
sue_neutral,10,entry_month,2019-08-01,-0.022319140495405537,2536
sue_neutral,10,entry_month,2019-09-01,0.017349297789101915,665
sue_neutral,10,entry_month,2019-10-01,0.03380212341783123,2799
sue_neutral,10,entry_month,2019-11-01,0.006659991244622683,516
sue_neutral,10,entry_month,2020-03-01,0.043555697196225734,460
sue_neutral,10,entry_month,2020-04-01,-0.0006737903571064444,4942
sue_neutral,10,entry_month,2020-05-01,-0.013755511036170844,1301
sue_neutral,10,entry_month,2020-06-01,0.1368764106057417,33
sue_neutral,10,entry_month,2020-07-01,-0.054903749085150146,122
sue_neutral,10,entry_month,2020-08-01,-0.025669880231260555,3206
sue_neutral,10,entry_month,2020-09-01,-0.20509168251103738,155
sue_neutral,10,entry_month,2020-10-01,-0.06557307229649983,2220
sue_neutral,10,entry_month,2020-11-01,-0.09635084913268611,1348
sue_neutral,10,entry_month,2021-02-01,-0.05162393162393161,26
sue_neutral,10,entry_month,2021-03-01,-0.008458005819094056,706
sue_neutral,10,entry_month,2021-04-01,-0.00535961336530255,5668
sue_neutral,10,entry_month,2021-05-01,-0.0648880554806895,1015
sue_neutral,10,entry_month,2021-07-01,-0.181122428477366,72
sue_neutral,10,entry_month,2021-08-01,-0.027870884422186173,3424
sue_neutral,10,entry_month,2021-09-01,0.021554431433813158,393
sue_neutral,10,entry_month,2021-10-01,-0.10435371075404218,2294
sue_neutral,10,entry_month,2021-11-01,-0.0749461466313471,1669
sue_neutral,10,entry_month,2022-02-01,-0.01383399209486166,23
sue_neutral,10,entry_month,2022-03-01,-0.06123183410636204,762
sue_neutral,10,entry_month,2022-04-01,-0.013766864600820503,5185
sue_neutral,10,entry_month,2022-05-01,0.04823634135670815,2297
sue_neutral,10,entry_month,2022-07-01,-0.12125488493269647,48
sue_neutral,10,entry_month,2022-08-01,-0.00900224418623893,3749
sue_neutral,10,entry_month,2022-09-01,-0.01114583462468654,440
sue_neutral,10,entry_month,2022-10-01,-0.06099079390176445,3945
sue_neutral,10,entry_month,2022-11-01,-0.13157101151711528,365
sue_neutral,10,entry_month,2023-03-01,-0.08105744481726934,684
sue_neutral,10,entry_month,2023-04-01,-0.027620321982295092,5090
sue_neutral,10,entry_month,2023-05-01,0.005269544632284987,3117
sue_neutral,10,entry_month,2023-07-01,-0.10223665223665226,55
sue_neutral,10,entry_month,2023-08-01,-0.04051053166473836,3923
sue_neutral,10,entry_month,2023-09-01,-0.13409849435257032,603
sue_neutral,10,entry_month,2023-10-01,-0.0571660766330211,3675
sue_neutral,10,entry_month,2023-11-01,-0.07821683085591341,951
sue_neutral,10,entry_month,2024-03-01,0.03964473669261548,525
sue_neutral,10,entry_month,2024-04-01,0.02778549302716738,7280
sue_neutral,10,entry_month,2024-05-01,0.021431992949121372,1549
sue_neutral,10,entry_month,2024-07-01,-0.11923890063424947,44
sue_neutral,10,entry_month,2024-08-01,0.022587768427438957,3365
sue_neutral,10,entry_month,2024-09-01,0.001167962167743368,1284
sue_neutral,20,entry_month,2019-04-01,0.06492180675609685,2511
sue_neutral,20,entry_month,2019-05-01,0.055893977768460425,743
sue_neutral,20,entry_month,2019-07-01,0.035272638753651414,79
sue_neutral,20,entry_month,2019-08-01,0.024527548696713117,2536
sue_neutral,20,entry_month,2019-09-01,0.0205569397197503,665
sue_neutral,20,entry_month,2019-10-01,-0.005908070062965905,2799
sue_neutral,20,entry_month,2019-11-01,0.005265107049025042,516
sue_neutral,20,entry_month,2020-03-01,-0.014304753004765216,460
sue_neutral,20,entry_month,2020-04-01,-0.01923254046206494,4942
sue_neutral,20,entry_month,2020-05-01,0.02579458322241003,1301
sue_neutral,20,entry_month,2020-06-01,0.13721066313469346,33
sue_neutral,20,entry_month,2020-07-01,-0.11698149993159196,122
sue_neutral,20,entry_month,2020-08-01,-0.012040952231061356,3206
sue_neutral,20,entry_month,2020-09-01,-0.11842351197189906,155
sue_neutral,20,entry_month,2020-10-01,-0.06806221168028445,2219
sue_neutral,20,entry_month,2020-11-01,-0.09306927725991376,1348
sue_neutral,20,entry_month,2021-02-01,-0.0864957264957265,26
sue_neutral,20,entry_month,2021-03-01,-0.030740427168766276,706
sue_neutral,20,entry_month,2021-04-01,-0.03037348693809588,5668
sue_neutral,20,entry_month,2021-05-01,-0.05930664904045551,1015
sue_neutral,20,entry_month,2021-07-01,-0.06511672776384334,72
sue_neutral,20,entry_month,2021-08-01,0.006948223798171701,3424
sue_neutral,20,entry_month,2021-09-01,-0.11076768992670144,393
sue_neutral,20,entry_month,2021-10-01,-0.065291280311297,2294
sue_neutral,20,entry_month,2021-11-01,-0.00536891706496457,1669
sue_neutral,20,entry_month,2022-02-01,0.1274703557312253,23
sue_neutral,20,entry_month,2022-03-01,-0.10339806702748583,762
sue_neutral,20,entry_month,2022-04-01,-0.028584409446036987,5185
sue_neutral,20,entry_month,2022-05-01,0.014035741651276981,2296
sue_neutral,20,entry_month,2022-07-01,-0.1033434650455927,48
sue_neutral,20,entry_month,2022-08-01,0.009511324261054336,3749
sue_neutral,20,entry_month,2022-09-01,0.0027331332055011534,440
sue_neutral,20,entry_month,2022-10-01,-0.0701069771393765,3945
sue_neutral,20,entry_month,2022-11-01,-0.11992187757863457,365
sue_neutral,20,entry_month,2023-03-01,0.015172211055534068,684
sue_neutral,20,entry_month,2023-04-01,-0.01748316748349601,5090
sue_neutral,20,entry_month,2023-05-01,0.01344294809949091,3117
sue_neutral,20,entry_month,2023-07-01,-0.0945887445887446,55
sue_neutral,20,entry_month,2023-08-01,-0.032927523369238425,3923
sue_neutral,20,entry_month,2023-09-01,-0.06198725563300915,603
sue_neutral,20,entry_month,2023-10-01,-0.0225185912308729,3675
sue_neutral,20,entry_month,2023-11-01,-0.06759817048237514,951
sue_neutral,20,entry_month,2024-03-01,0.038530337395458,525
sue_neutral,20,entry_month,2024-04-01,0.013899263905184226,7280
sue_neutral,20,entry_month,2024-05-01,0.025052121989248517,1549
sue_neutral,20,entry_month,2024-07-01,-0.17589852008456658,44
sue_neutral,20,entry_month,2024-08-01,-0.0667154981963869,3365
sue_neutral,20,entry_month,2024-09-01,-0.02966366610841695,1285
sue_neutral,40,entry_month,2019-04-01,0.07446618685821531,2511
sue_neutral,40,entry_month,2019-05-01,0.06511269853775711,743
sue_neutral,40,entry_month,2019-07-01,-0.05284810126582279,79
sue_neutral,40,entry_month,2019-08-01,0.07638006080710072,2536
sue_neutral,40,entry_month,2019-09-01,0.13084122007652912,665
sue_neutral,40,entry_month,2019-10-01,0.0070272927432686845,2799
sue_neutral,40,entry_month,2019-11-01,0.0020340705062921053,516
sue_neutral,40,entry_month,2020-03-01,-0.014804358429258146,460
sue_neutral,40,entry_month,2020-04-01,0.01678790862834009,4941
sue_neutral,40,entry_month,2020-05-01,0.0038172935233836956,1301
sue_neutral,40,entry_month,2020-06-01,0.04655851912139664,32
sue_neutral,40,entry_month,2020-07-01,-0.12107243230399135,122
sue_neutral,40,entry_month,2020-08-01,0.012098481686891774,3206
sue_neutral,40,entry_month,2020-09-01,-0.148760916502852,155
sue_neutral,40,entry_month,2020-10-01,-0.047787996826912066,2220
sue_neutral,40,entry_month,2020-11-01,-0.012893976445574242,1348
sue_neutral,40,entry_month,2021-02-01,-0.011282051282051281,26
sue_neutral,40,entry_month,2021-03-01,-0.017551326736691453,706
sue_neutral,40,entry_month,2021-04-01,-0.013170677308531708,5668
sue_neutral,40,entry_month,2021-05-01,0.03592885081604182,1015
sue_neutral,40,entry_month,2021-07-01,-0.13113383497331021,72
sue_neutral,40,entry_month,2021-08-01,-0.023407539603949444,3424
sue_neutral,40,entry_month,2021-09-01,-0.16990133390113085,393
sue_neutral,40,entry_month,2021-10-01,-0.1030642605034158,2294
sue_neutral,40,entry_month,2021-11-01,-0.04799562743699021,1669
sue_neutral,40,entry_month,2022-02-01,0.044466403162055336,23
sue_neutral,40,entry_month,2022-03-01,-0.08854442538255275,762
sue_neutral,40,entry_month,2022-04-01,-0.01261328456151144,5184
sue_neutral,40,entry_month,2022-05-01,0.009512384276848378,2297
sue_neutral,40,entry_month,2022-07-01,-0.1232088580112896,48
sue_neutral,40,entry_month,2022-08-01,-0.019157227602142998,3749
sue_neutral,40,entry_month,2022-09-01,-0.01512348157320497,440
sue_neutral,40,entry_month,2022-10-01,-0.09655862803480748,3945
sue_neutral,40,entry_month,2022-11-01,-0.12176138120526138,365
sue_neutral,40,entry_month,2023-03-01,-0.006654070921283717,684
sue_neutral,40,entry_month,2023-04-01,0.016340450748054836,5090
sue_neutral,40,entry_month,2023-05-01,0.05265188933048452,3117
sue_neutral,40,entry_month,2023-07-01,-0.10800865800865804,55
sue_neutral,40,entry_month,2023-08-01,-0.04031773954557562,3923
sue_neutral,40,entry_month,2023-09-01,-0.1242247610063456,603
sue_neutral,40,entry_month,2023-10-01,0.026899943925683272,3675
sue_neutral,40,entry_month,2023-11-01,-0.03260434486575055,951
sue_neutral,40,entry_month,2024-03-01,-0.00706884356198895,525
sue_neutral,40,entry_month,2024-04-01,0.03145691425587738,7280
sue_neutral,40,entry_month,2024-05-01,0.0747197380489588,1549
sue_neutral,40,entry_month,2024-07-01,-0.3262861169837914,44
sue_neutral,40,entry_month,2024-08-01,0.012829698942440616,3365
sue_neutral,40,entry_month,2024-09-01,0.04134689010493443,1284
sue_neutral,60,entry_month,2019-04-01,0.11341397811449186,2511
sue_neutral,60,entry_month,2019-05-01,0.10668955641405907,743
sue_neutral,60,entry_month,2019-07-01,-0.049172346640701074,79
sue_neutral,60,entry_month,2019-08-01,0.04433633392771554,2536
sue_neutral,60,entry_month,2019-09-01,0.09724025139370733,665
sue_neutral,60,entry_month,2019-10-01,0.09864829950522458,2799
sue_neutral,60,entry_month,2019-11-01,0.0879640212019165,516
sue_neutral,60,entry_month,2020-03-01,0.033404223166714556,460
sue_neutral,60,entry_month,2020-04-01,0.029159950108964695,4942
sue_neutral,60,entry_month,2020-05-01,0.054820805111017654,1300
sue_neutral,60,entry_month,2020-06-01,-0.057324308715225154,33
sue_neutral,60,entry_month,2020-07-01,-0.02741056868259527,122
sue_neutral,60,entry_month,2020-08-01,-0.045053284648354015,3206
sue_neutral,60,entry_month,2020-09-01,-0.08005220585865747,155
sue_neutral,60,entry_month,2020-10-01,0.05302772566116447,2220
sue_neutral,60,entry_month,2020-11-01,0.01784630126081152,1348
sue_neutral,60,entry_month,2021-02-01,-0.04957264957264957,26
sue_neutral,60,entry_month,2021-03-01,0.022433406363617837,706
sue_neutral,60,entry_month,2021-04-01,0.02427058544382789,5668
sue_neutral,60,entry_month,2021-05-01,0.041110753645605264,1015
sue_neutral,60,entry_month,2021-07-01,-0.06621004566210047,72
sue_neutral,60,entry_month,2021-08-01,-0.03903661737760897,3424
sue_neutral,60,entry_month,2021-09-01,-0.10939461400019665,393
sue_neutral,60,entry_month,2021-10-01,-0.08870922420814602,2294
sue_neutral,60,entry_month,2021-11-01,0.0032324019567369676,1669
sue_neutral,60,entry_month,2022-02-01,-0.06422924901185771,23
sue_neutral,60,entry_month,2022-03-01,-0.07230939644823027,762
sue_neutral,60,entry_month,2022-04-01,-0.00984982136594563,5185
sue_neutral,60,entry_month,2022-05-01,0.007703089455265461,2297
sue_neutral,60,entry_month,2022-07-01,-0.09476769431176725,48
sue_neutral,60,entry_month,2022-08-01,-0.04373186298938527,3749
sue_neutral,60,entry_month,2022-09-01,-0.06469784517545636,440
sue_neutral,60,entry_month,2022-10-01,-0.06916036524850162,3945
sue_neutral,60,entry_month,2022-11-01,-0.07682954817470876,365
sue_neutral,60,entry_month,2023-03-01,-0.016175164482472918,684
sue_neutral,60,entry_month,2023-04-01,-0.021639060834739657,5090
sue_neutral,60,entry_month,2023-05-01,0.028308409905266247,3117
sue_neutral,60,entry_month,2023-07-01,-0.13838383838383841,55
sue_neutral,60,entry_month,2023-08-01,-0.05459265878926123,3923
sue_neutral,60,entry_month,2023-09-01,-0.06816007643026363,603
sue_neutral,60,entry_month,2023-10-01,0.10574175482667666,3675
sue_neutral,60,entry_month,2023-11-01,0.05273282214529778,951
sue_neutral,60,entry_month,2024-03-01,-0.010392045478104748,525
sue_neutral,60,entry_month,2024-04-01,0.03623864368175065,7280
sue_neutral,60,entry_month,2024-05-01,0.05745587794666262,1549
sue_neutral,60,entry_month,2024-07-01,-0.11515151515151514,44
sue_neutral,60,entry_month,2024-08-01,0.004383094516395701,191
net_profit_yoy_calc,1,entry_month,2020-04-01,0.04680093777726034,2322
net_profit_yoy_calc,1,entry_month,2020-05-01,0.06376437805363312,911
net_profit_yoy_calc,1,entry_month,2020-07-01,0.10783775990375714,102
net_profit_yoy_calc,1,entry_month,2020-08-01,0.023928926131841784,3012
net_profit_yoy_calc,1,entry_month,2020-09-01,-0.09170863289033586,147
net_profit_yoy_calc,1,entry_month,2020-10-01,0.043887143659552555,2012
net_profit_yoy_calc,1,entry_month,2020-11-01,-0.06756014281431856,1294
net_profit_yoy_calc,1,entry_month,2021-02-01,-0.1236589497459063,22
net_profit_yoy_calc,1,entry_month,2021-03-01,0.010391728033995724,664
net_profit_yoy_calc,1,entry_month,2021-04-01,0.03834783098922399,5192
net_profit_yoy_calc,1,entry_month,2021-05-01,-0.10103645495329408,978
net_profit_yoy_calc,1,entry_month,2021-07-01,-0.06824990865911583,69
net_profit_yoy_calc,1,entry_month,2021-08-01,-0.00644969536496298,3107
net_profit_yoy_calc,1,entry_month,2021-09-01,0.04115256240730405,381
net_profit_yoy_calc,1,entry_month,2021-10-01,-0.06275606913928085,2087
net_profit_yoy_calc,1,entry_month,2021-11-01,-0.022767679829502813,1606
net_profit_yoy_calc,1,entry_month,2022-02-01,-0.02766798418972332,23
net_profit_yoy_calc,1,entry_month,2022-03-01,-0.03660912804176235,727
net_profit_yoy_calc,1,entry_month,2022-04-01,-0.008337026238947954,4824
net_profit_yoy_calc,1,entry_month,2022-05-01,0.03994005167416714,2250
net_profit_yoy_calc,1,entry_month,2022-07-01,-0.06567992599444959,47
net_profit_yoy_calc,1,entry_month,2022-08-01,-0.011815843354945824,3602
net_profit_yoy_calc,1,entry_month,2022-09-01,-0.1462971849570491,442
net_profit_yoy_calc,1,entry_month,2022-10-01,-0.06430225685099153,3812
net_profit_yoy_calc,1,entry_month,2022-11-01,-0.0689991789904102,366
net_profit_yoy_calc,1,entry_month,2023-03-01,-0.013410342829402708,673
net_profit_yoy_calc,1,entry_month,2023-04-01,-0.008427295880803322,4933
net_profit_yoy_calc,1,entry_month,2023-05-01,-0.005593219325571916,3109
net_profit_yoy_calc,1,entry_month,2023-07-01,-0.19069738861576574,58
net_profit_yoy_calc,1,entry_month,2023-08-01,0.017258219805922674,3800
net_profit_yoy_calc,1,entry_month,2023-09-01,-0.12687275990301602,612
net_profit_yoy_calc,1,entry_month,2023-10-01,-0.04974664946344851,3590
net_profit_yoy_calc,1,entry_month,2023-11-01,-0.006045157853093545,968
net_profit_yoy_calc,1,entry_month,2024-03-01,-0.0506778831180512,531
net_profit_yoy_calc,1,entry_month,2024-04-01,0.012314384182453326,7227
net_profit_yoy_calc,1,entry_month,2024-05-01,-0.09570172686604503,1581
net_profit_yoy_calc,1,entry_month,2024-07-01,-0.1044172062904718,47
net_profit_yoy_calc,1,entry_month,2024-08-01,-0.008276026802350185,3417
net_profit_yoy_calc,1,entry_month,2024-09-01,-0.04535862794930544,1315
net_profit_yoy_calc,5,entry_month,2020-04-01,0.06620356028760087,2322
net_profit_yoy_calc,5,entry_month,2020-05-01,0.0882817489583881,911
net_profit_yoy_calc,5,entry_month,2020-07-01,0.14186518594749253,102
net_profit_yoy_calc,5,entry_month,2020-08-01,-0.05073041134277122,3012
net_profit_yoy_calc,5,entry_month,2020-09-01,-0.32124459994141424,147
net_profit_yoy_calc,5,entry_month,2020-10-01,-0.036657868745286586,2012
net_profit_yoy_calc,5,entry_month,2020-11-01,-0.0038045168535031397,1294
net_profit_yoy_calc,5,entry_month,2021-02-01,-0.20609824957651046,22
net_profit_yoy_calc,5,entry_month,2021-03-01,-0.033466660326896415,664
net_profit_yoy_calc,5,entry_month,2021-04-01,-0.05197071112403049,5192
net_profit_yoy_calc,5,entry_month,2021-05-01,-0.16464744774629722,978
net_profit_yoy_calc,5,entry_month,2021-07-01,0.05834855681402997,69
net_profit_yoy_calc,5,entry_month,2021-08-01,-0.05152767819114213,3107
net_profit_yoy_calc,5,entry_month,2021-09-01,-0.0470123755947563,381
net_profit_yoy_calc,5,entry_month,2021-10-01,-0.09777933969615461,2087
net_profit_yoy_calc,5,entry_month,2021-11-01,-0.12833398813120878,1606
net_profit_yoy_calc,5,entry_month,2022-02-01,-0.2648221343873518,23
net_profit_yoy_calc,5,entry_month,2022-03-01,-0.07007906046678275,727
net_profit_yoy_calc,5,entry_month,2022-04-01,-0.028064365775743574,4824
net_profit_yoy_calc,5,entry_month,2022-05-01,-0.009239591389181224,2250
net_profit_yoy_calc,5,entry_month,2022-07-01,-0.26306660499537465,47
net_profit_yoy_calc,5,entry_month,2022-08-01,-0.05585180649963055,3602
net_profit_yoy_calc,5,entry_month,2022-09-01,-0.09502738238111666,442
net_profit_yoy_calc,5,entry_month,2022-10-01,-0.07804391465173985,3812
net_profit_yoy_calc,5,entry_month,2022-11-01,-0.0214259883286,366
net_profit_yoy_calc,5,entry_month,2023-03-01,-0.06419145787279508,673
net_profit_yoy_calc,5,entry_month,2023-04-01,-0.027965272303054903,4933
net_profit_yoy_calc,5,entry_month,2023-05-01,-0.05219644437469882,3109
net_profit_yoy_calc,5,entry_month,2023-07-01,0.031162518901076092,58
net_profit_yoy_calc,5,entry_month,2023-08-01,-0.029078063162517254,3800
net_profit_yoy_calc,5,entry_month,2023-09-01,-0.0508638959865012,612
net_profit_yoy_calc,5,entry_month,2023-10-01,-0.11789978250240211,3590
net_profit_yoy_calc,5,entry_month,2023-11-01,-0.03906495378625645,968
net_profit_yoy_calc,5,entry_month,2024-03-01,-0.031719952066741684,531
net_profit_yoy_calc,5,entry_month,2024-04-01,-0.021708255365184743,7227
net_profit_yoy_calc,5,entry_month,2024-05-01,0.05715248304868617,1581
net_profit_yoy_calc,5,entry_month,2024-07-01,-0.1211840888066605,47
net_profit_yoy_calc,5,entry_month,2024-08-01,-0.03492602755083668,3417
net_profit_yoy_calc,5,entry_month,2024-09-01,-0.06856751813464877,1314
net_profit_yoy_calc,10,entry_month,2020-04-01,0.08074888329928659,2322
net_profit_yoy_calc,10,entry_month,2020-05-01,0.055625782273432074,911
net_profit_yoy_calc,10,entry_month,2020-07-01,0.058201536886983964,102
net_profit_yoy_calc,10,entry_month,2020-08-01,-0.07761252853624478,3012
net_profit_yoy_calc,10,entry_month,2020-09-01,-0.22405156064647255,147
net_profit_yoy_calc,10,entry_month,2020-10-01,-0.0741253370774277,2012
net_profit_yoy_calc,10,entry_month,2020-11-01,-0.09659807794645771,1294
net_profit_yoy_calc,10,entry_month,2021-02-01,-0.0536420101637493,22
net_profit_yoy_calc,10,entry_month,2021-03-01,-0.009162130651083534,664
net_profit_yoy_calc,10,entry_month,2021-04-01,-0.07711661342735752,5192
net_profit_yoy_calc,10,entry_month,2021-05-01,-0.0823524998108262,978
net_profit_yoy_calc,10,entry_month,2021-07-01,0.04961682149294937,69
net_profit_yoy_calc,10,entry_month,2021-08-01,-0.05637383375691599,3107
net_profit_yoy_calc,10,entry_month,2021-09-01,0.04763400855184802,381
net_profit_yoy_calc,10,entry_month,2021-10-01,-0.1352228073203677,2087
net_profit_yoy_calc,10,entry_month,2021-11-01,-0.16529802927010598,1606
net_profit_yoy_calc,10,entry_month,2022-02-01,0.11264822134387352,23
net_profit_yoy_calc,10,entry_month,2022-03-01,-0.07330661996604361,727
net_profit_yoy_calc,10,entry_month,2022-04-01,-0.027057062759196473,4824
net_profit_yoy_calc,10,entry_month,2022-05-01,-0.038038749321211124,2250
net_profit_yoy_calc,10,entry_month,2022-07-01,-0.16558741905642924,47
net_profit_yoy_calc,10,entry_month,2022-08-01,-0.033038314537741566,3602
net_profit_yoy_calc,10,entry_month,2022-09-01,-0.054694600983322114,442
net_profit_yoy_calc,10,entry_month,2022-10-01,-0.13204926097508962,3812
net_profit_yoy_calc,10,entry_month,2022-11-01,-0.15910713837715257,366
net_profit_yoy_calc,10,entry_month,2023-03-01,-0.05350647007016849,673
net_profit_yoy_calc,10,entry_month,2023-04-01,-0.0525444384206105,4933
net_profit_yoy_calc,10,entry_month,2023-05-01,-0.008217534111800588,3109
net_profit_yoy_calc,10,entry_month,2023-07-01,-0.07139561352240918,58
net_profit_yoy_calc,10,entry_month,2023-08-01,-0.03726292034159408,3800
net_profit_yoy_calc,10,entry_month,2023-09-01,-0.08223791367717159,612
net_profit_yoy_calc,10,entry_month,2023-10-01,-0.10473702468919191,3590
net_profit_yoy_calc,10,entry_month,2023-11-01,-0.0821044377845399,968
net_profit_yoy_calc,10,entry_month,2024-03-01,-0.06688339547969685,531
net_profit_yoy_calc,10,entry_month,2024-04-01,0.0438500538934193,7227
net_profit_yoy_calc,10,entry_month,2024-05-01,0.033708222556320194,1581
net_profit_yoy_calc,10,entry_month,2024-07-01,-0.14153561517113786,47
net_profit_yoy_calc,10,entry_month,2024-08-01,-0.04129797944809511,3417
net_profit_yoy_calc,10,entry_month,2024-09-01,0.011037511915750127,1314
net_profit_yoy_calc,20,entry_month,2020-04-01,0.02585310103913805,2322
net_profit_yoy_calc,20,entry_month,2020-05-01,0.021143174488647932,911
net_profit_yoy_calc,20,entry_month,2020-07-01,-0.06982714262288593,102
net_profit_yoy_calc,20,entry_month,2020-08-01,-0.03677686395228616,3012
net_profit_yoy_calc,20,entry_month,2020-09-01,-0.15413792321815803,147
net_profit_yoy_calc,20,entry_month,2020-10-01,-0.08540350614014545,2011
net_profit_yoy_calc,20,entry_month,2020-11-01,-0.09519986903403407,1294
net_profit_yoy_calc,20,entry_month,2021-02-01,0.014116318464144554,22
net_profit_yoy_calc,20,entry_month,2021-03-01,-0.008467059815487581,664
net_profit_yoy_calc,20,entry_month,2021-04-01,-0.06634215584670321,5192
net_profit_yoy_calc,20,entry_month,2021-05-01,-0.09592874544712177,978
net_profit_yoy_calc,20,entry_month,2021-07-01,0.15155279503105593,69
net_profit_yoy_calc,20,entry_month,2021-08-01,-0.01962337670358824,3107
net_profit_yoy_calc,20,entry_month,2021-09-01,-0.11456487408761427,381
net_profit_yoy_calc,20,entry_month,2021-10-01,-0.09709034228857524,2087
net_profit_yoy_calc,20,entry_month,2021-11-01,-0.0543701528421281,1606
net_profit_yoy_calc,20,entry_month,2022-02-01,-0.015810276679841896,23
net_profit_yoy_calc,20,entry_month,2022-03-01,-0.0903258955102012,727
net_profit_yoy_calc,20,entry_month,2022-04-01,-0.01750581453118874,4824
net_profit_yoy_calc,20,entry_month,2022-05-01,0.011045799078500378,2249
net_profit_yoy_calc,20,entry_month,2022-07-01,-0.13922294172062905,47
net_profit_yoy_calc,20,entry_month,2022-08-01,0.02302810006550967,3602
net_profit_yoy_calc,20,entry_month,2022-09-01,0.02971892210392913,442
net_profit_yoy_calc,20,entry_month,2022-10-01,-0.13718722040631132,3812
net_profit_yoy_calc,20,entry_month,2022-11-01,-0.21201920635202304,366
net_profit_yoy_calc,20,entry_month,2023-03-01,0.07585020328403656,673
net_profit_yoy_calc,20,entry_month,2023-04-01,-0.07651119464769138,4933
net_profit_yoy_calc,20,entry_month,2023-05-01,-0.02344249355304161,3109
net_profit_yoy_calc,20,entry_month,2023-07-01,-0.12362730320834232,58
net_profit_yoy_calc,20,entry_month,2023-08-01,-0.003159770752994079,3800
net_profit_yoy_calc,20,entry_month,2023-09-01,0.04034896618251238,612
net_profit_yoy_calc,20,entry_month,2023-10-01,-0.05132041393194468,3590
net_profit_yoy_calc,20,entry_month,2023-11-01,-0.08575636664857267,968
net_profit_yoy_calc,20,entry_month,2024-03-01,0.12633029647992702,531
net_profit_yoy_calc,20,entry_month,2024-04-01,0.053265669221446224,7227
net_profit_yoy_calc,20,entry_month,2024-05-01,0.09674080277982458,1581
net_profit_yoy_calc,20,entry_month,2024-07-01,-0.1704440333024977,47
net_profit_yoy_calc,20,entry_month,2024-08-01,-0.12107106235783303,3417
net_profit_yoy_calc,20,entry_month,2024-09-01,-0.10050154363819162,1315
net_profit_yoy_calc,40,entry_month,2020-04-01,0.11646259933661504,2322
net_profit_yoy_calc,40,entry_month,2020-05-01,0.09324826985368341,911
net_profit_yoy_calc,40,entry_month,2020-07-01,-0.05479754143318386,102
net_profit_yoy_calc,40,entry_month,2020-08-01,0.025651821648268826,3012
net_profit_yoy_calc,40,entry_month,2020-09-01,-0.15210541825023233,147
net_profit_yoy_calc,40,entry_month,2020-10-01,0.015352878816917001,2012
net_profit_yoy_calc,40,entry_month,2020-11-01,0.06200979546747527,1294
net_profit_yoy_calc,40,entry_month,2021-02-01,0.14398644833427443,22
net_profit_yoy_calc,40,entry_month,2021-03-01,0.013651230106537437,664
net_profit_yoy_calc,40,entry_month,2021-04-01,-0.046390024308814955,5192
net_profit_yoy_calc,40,entry_month,2021-05-01,0.06487655218650246,978
net_profit_yoy_calc,40,entry_month,2021-07-01,0.04552429667519182,69
net_profit_yoy_calc,40,entry_month,2021-08-01,-0.03242121944315862,3107
net_profit_yoy_calc,40,entry_month,2021-09-01,-0.11028289398457004,381
net_profit_yoy_calc,40,entry_month,2021-10-01,-0.18357318012506618,2087
net_profit_yoy_calc,40,entry_month,2021-11-01,-0.1681992636199775,1606
net_profit_yoy_calc,40,entry_month,2022-02-01,-0.08893280632411067,23
net_profit_yoy_calc,40,entry_month,2022-03-01,-0.06722744555681907,727
net_profit_yoy_calc,40,entry_month,2022-04-01,0.01207052429978701,4823
net_profit_yoy_calc,40,entry_month,2022-05-01,0.023574526454539776,2250
net_profit_yoy_calc,40,entry_month,2022-07-01,-0.21241905642923217,47
net_profit_yoy_calc,40,entry_month,2022-08-01,-0.04107729587173464,3602
net_profit_yoy_calc,40,entry_month,2022-09-01,-0.025590233509282644,442
net_profit_yoy_calc,40,entry_month,2022-10-01,-0.15867133009766887,3812
net_profit_yoy_calc,40,entry_month,2022-11-01,-0.16417176166250635,366
net_profit_yoy_calc,40,entry_month,2023-03-01,-0.032664609377509674,673
net_profit_yoy_calc,40,entry_month,2023-04-01,-0.05279549642158758,4933
net_profit_yoy_calc,40,entry_month,2023-05-01,0.04058384759970005,3109
net_profit_yoy_calc,40,entry_month,2023-07-01,-0.0941585407118029,58
net_profit_yoy_calc,40,entry_month,2023-08-01,-0.06193404855417251,3800
net_profit_yoy_calc,40,entry_month,2023-09-01,-0.1156236840171019,612
net_profit_yoy_calc,40,entry_month,2023-10-01,-0.002143941064336903,3590
net_profit_yoy_calc,40,entry_month,2023-11-01,-0.0396617672084683,968
net_profit_yoy_calc,40,entry_month,2024-03-01,0.016898418772323322,531
net_profit_yoy_calc,40,entry_month,2024-04-01,0.09431253934182512,7227
net_profit_yoy_calc,40,entry_month,2024-05-01,0.16131885360704543,1581
net_profit_yoy_calc,40,entry_month,2024-07-01,-0.1805041628122109,47
net_profit_yoy_calc,40,entry_month,2024-08-01,-0.13497929844714787,3417
net_profit_yoy_calc,40,entry_month,2024-09-01,-0.14709440080437888,1314
net_profit_yoy_calc,60,entry_month,2020-04-01,0.11277451487621604,2322
net_profit_yoy_calc,60,entry_month,2020-05-01,0.10579864973144039,910
net_profit_yoy_calc,60,entry_month,2020-07-01,0.08254971699340122,102
net_profit_yoy_calc,60,entry_month,2020-08-01,-0.04323210666530295,3012
net_profit_yoy_calc,60,entry_month,2020-09-01,-0.20720972580072383,147
net_profit_yoy_calc,60,entry_month,2020-10-01,0.14501828500032735,2012
net_profit_yoy_calc,60,entry_month,2020-11-01,0.13016323205043903,1294
net_profit_yoy_calc,60,entry_month,2021-02-01,-0.04912478825522304,22
net_profit_yoy_calc,60,entry_month,2021-03-01,0.03541333744545089,664
net_profit_yoy_calc,60,entry_month,2021-04-01,0.012863825281668337,5192
net_profit_yoy_calc,60,entry_month,2021-05-01,0.05268499571012381,978
net_profit_yoy_calc,60,entry_month,2021-07-01,0.06105224698575084,69
net_profit_yoy_calc,60,entry_month,2021-08-01,-0.07901375021489186,3107
net_profit_yoy_calc,60,entry_month,2021-09-01,-0.12527036431719019,381
net_profit_yoy_calc,60,entry_month,2021-10-01,-0.21111216903105426,2087
net_profit_yoy_calc,60,entry_month,2021-11-01,-0.16056953176146105,1606
net_profit_yoy_calc,60,entry_month,2022-02-01,-0.05237154150197629,23
net_profit_yoy_calc,60,entry_month,2022-03-01,0.04821922481669887,727
net_profit_yoy_calc,60,entry_month,2022-04-01,-0.0025197484927009122,4824
net_profit_yoy_calc,60,entry_month,2022-05-01,0.0029649561849022722,2250
net_profit_yoy_calc,60,entry_month,2022-07-01,-0.21935707678075855,47
net_profit_yoy_calc,60,entry_month,2022-08-01,-0.10476176709830587,3602
net_profit_yoy_calc,60,entry_month,2022-09-01,-0.13333545028853142,442
net_profit_yoy_calc,60,entry_month,2022-10-01,-0.13087899503067763,3812
net_profit_yoy_calc,60,entry_month,2022-11-01,-0.08623020576398607,366
net_profit_yoy_calc,60,entry_month,2023-03-01,-0.059450520500350525,673
net_profit_yoy_calc,60,entry_month,2023-04-01,-0.08387382253198743,4933
net_profit_yoy_calc,60,entry_month,2023-05-01,-0.03567444122894177,3109
net_profit_yoy_calc,60,entry_month,2023-07-01,-0.13642375957427175,58
net_profit_yoy_calc,60,entry_month,2023-08-01,-0.0911490319983816,3800
net_profit_yoy_calc,60,entry_month,2023-09-01,-0.07811440538658423,612
net_profit_yoy_calc,60,entry_month,2023-10-01,0.07751156328409216,3590
net_profit_yoy_calc,60,entry_month,2023-11-01,0.09560382847533938,968
net_profit_yoy_calc,60,entry_month,2024-03-01,0.0360099160597368,531
net_profit_yoy_calc,60,entry_month,2024-04-01,0.05874452016817155,7227
net_profit_yoy_calc,60,entry_month,2024-05-01,0.12737779045999417,1581
net_profit_yoy_calc,60,entry_month,2024-07-01,-0.266304347826087,47
net_profit_yoy_calc,60,entry_month,2024-08-01,-0.05385396079269269,194
revenue_yoy_calc,1,entry_month,2020-04-01,0.05916160251678796,2322
revenue_yoy_calc,1,entry_month,2020-05-01,0.07464488618448882,911
revenue_yoy_calc,1,entry_month,2020-07-01,0.002968634258794636,102
revenue_yoy_calc,1,entry_month,2020-08-01,-0.012009810888323497,3011
revenue_yoy_calc,1,entry_month,2020-09-01,-0.09693347487951545,147
revenue_yoy_calc,1,entry_month,2020-10-01,0.012942486699036018,2012
revenue_yoy_calc,1,entry_month,2020-11-01,-0.07750514675763223,1293
revenue_yoy_calc,1,entry_month,2021-02-01,-0.011857707509881424,22
revenue_yoy_calc,1,entry_month,2021-03-01,0.056003994075433355,664
revenue_yoy_calc,1,entry_month,2021-04-01,0.02592573531104753,5189
revenue_yoy_calc,1,entry_month,2021-05-01,-0.05355248803582474,978
revenue_yoy_calc,1,entry_month,2021-07-01,0.06620387285348923,69
revenue_yoy_calc,1,entry_month,2021-08-01,-0.03137907277548799,3105
revenue_yoy_calc,1,entry_month,2021-09-01,-0.08172681479904997,381
revenue_yoy_calc,1,entry_month,2021-10-01,-0.049024922758838504,2087
revenue_yoy_calc,1,entry_month,2021-11-01,0.0030893481419567463,1606
revenue_yoy_calc,1,entry_month,2022-02-01,-0.14624505928853757,23
revenue_yoy_calc,1,entry_month,2022-03-01,-0.06655568167889424,726
revenue_yoy_calc,1,entry_month,2022-04-01,-0.021970405144776578,4822
revenue_yoy_calc,1,entry_month,2022-05-01,0.06926411175525228,2250
revenue_yoy_calc,1,entry_month,2022-07-01,-0.1662812210915819,47
revenue_yoy_calc,1,entry_month,2022-08-01,-0.05226052665094704,3601
revenue_yoy_calc,1,entry_month,2022-09-01,-0.0834016834437046,442
revenue_yoy_calc,1,entry_month,2022-10-01,-0.0501557004038292,3812
revenue_yoy_calc,1,entry_month,2022-11-01,-0.05869299526967818,365
revenue_yoy_calc,1,entry_month,2023-03-01,-0.04687452005383702,673
revenue_yoy_calc,1,entry_month,2023-04-01,-0.032972480486834835,4933
revenue_yoy_calc,1,entry_month,2023-05-01,-0.02529847441995608,3106
revenue_yoy_calc,1,entry_month,2023-07-01,0.08911926678817121,58
revenue_yoy_calc,1,entry_month,2023-08-01,0.015484393577572066,3799
revenue_yoy_calc,1,entry_month,2023-09-01,-0.15662588184750426,611
revenue_yoy_calc,1,entry_month,2023-10-01,-0.056981998227943836,3587
revenue_yoy_calc,1,entry_month,2023-11-01,-0.054220545576743724,968
revenue_yoy_calc,1,entry_month,2024-03-01,0.005158730437242948,531
revenue_yoy_calc,1,entry_month,2024-04-01,0.04573117729089119,7224
revenue_yoy_calc,1,entry_month,2024-05-01,-0.08317395971864888,1578
revenue_yoy_calc,1,entry_month,2024-07-01,-0.0027752081406105457,47
revenue_yoy_calc,1,entry_month,2024-08-01,0.02319105905599113,3416
revenue_yoy_calc,1,entry_month,2024-09-01,-0.01121151882363863,1314
revenue_yoy_calc,5,entry_month,2020-04-01,0.0978247518709299,2322
revenue_yoy_calc,5,entry_month,2020-05-01,0.09645237468534582,911
revenue_yoy_calc,5,entry_month,2020-07-01,0.19110437600013572,102
revenue_yoy_calc,5,entry_month,2020-08-01,-0.09141413789582306,3011
revenue_yoy_calc,5,entry_month,2020-09-01,-0.2640505788844819,147
revenue_yoy_calc,5,entry_month,2020-10-01,-0.03176650393498979,2012
revenue_yoy_calc,5,entry_month,2020-11-01,-0.032488914766932914,1293
revenue_yoy_calc,5,entry_month,2021-02-01,-0.18012422360248448,22
revenue_yoy_calc,5,entry_month,2021-03-01,0.007662558369847605,664
revenue_yoy_calc,5,entry_month,2021-04-01,-0.03552534635979424,5189
revenue_yoy_calc,5,entry_month,2021-05-01,-0.10615588698215432,978
revenue_yoy_calc,5,entry_month,2021-07-01,-0.054366094263792485,69
revenue_yoy_calc,5,entry_month,2021-08-01,-0.08199815404455896,3105
revenue_yoy_calc,5,entry_month,2021-09-01,-0.16892230108776402,381
revenue_yoy_calc,5,entry_month,2021-10-01,-0.08861540056692584,2087
revenue_yoy_calc,5,entry_month,2021-11-01,-0.06012981665553889,1606
revenue_yoy_calc,5,entry_month,2022-02-01,-0.27964426877470355,23
revenue_yoy_calc,5,entry_month,2022-03-01,-0.10619900222763837,726
revenue_yoy_calc,5,entry_month,2022-04-01,-0.026438777936086726,4822
revenue_yoy_calc,5,entry_month,2022-05-01,0.030012755834482725,2250
revenue_yoy_calc,5,entry_month,2022-07-01,-0.3710684551341351,47
revenue_yoy_calc,5,entry_month,2022-08-01,-0.07608982765262229,3601
revenue_yoy_calc,5,entry_month,2022-09-01,0.10755352933100588,442
revenue_yoy_calc,5,entry_month,2022-10-01,-0.03543875413616701,3812
revenue_yoy_calc,5,entry_month,2022-11-01,-0.04404000271459158,365
revenue_yoy_calc,5,entry_month,2023-03-01,-0.0854078088215384,673
revenue_yoy_calc,5,entry_month,2023-04-01,-0.07850637008482103,4933
revenue_yoy_calc,5,entry_month,2023-05-01,-0.09181309603093749,3106
revenue_yoy_calc,5,entry_month,2023-07-01,0.09465653569458157,58
revenue_yoy_calc,5,entry_month,2023-08-01,-0.06391508203277173,3799
revenue_yoy_calc,5,entry_month,2023-09-01,-0.16529015402862943,611
revenue_yoy_calc,5,entry_month,2023-10-01,-0.09068456870541135,3587
revenue_yoy_calc,5,entry_month,2023-11-01,-0.042335413416743205,968
revenue_yoy_calc,5,entry_month,2024-03-01,-0.019865114803303066,531
revenue_yoy_calc,5,entry_month,2024-04-01,-0.00148901035082262,7224
revenue_yoy_calc,5,entry_month,2024-05-01,-0.0238064601233676,1578
revenue_yoy_calc,5,entry_month,2024-07-01,-0.12580943570767808,47
revenue_yoy_calc,5,entry_month,2024-08-01,-0.027983549779422738,3416
revenue_yoy_calc,5,entry_month,2024-09-01,-0.10016951836841868,1313
revenue_yoy_calc,10,entry_month,2020-04-01,0.12653225278770044,2322
revenue_yoy_calc,10,entry_month,2020-05-01,0.06675836992341609,911
revenue_yoy_calc,10,entry_month,2020-07-01,0.055792729472833064,102
revenue_yoy_calc,10,entry_month,2020-08-01,-0.10441020271855332,3011
revenue_yoy_calc,10,entry_month,2020-09-01,-0.24048916123280115,147
revenue_yoy_calc,10,entry_month,2020-10-01,-0.0889918801214963,2012
revenue_yoy_calc,10,entry_month,2020-11-01,-0.12952110560842456,1293
revenue_yoy_calc,10,entry_month,2021-02-01,-0.07171089779785433,22
revenue_yoy_calc,10,entry_month,2021-03-01,0.00926349897486577,664
revenue_yoy_calc,10,entry_month,2021-04-01,-0.04458448564026487,5189
revenue_yoy_calc,10,entry_month,2021-05-01,-0.07730677453099873,978
revenue_yoy_calc,10,entry_month,2021-07-01,0.0012239790279924918,69
revenue_yoy_calc,10,entry_month,2021-08-01,-0.10179140904401816,3105
revenue_yoy_calc,10,entry_month,2021-09-01,-0.06543809718260475,381
revenue_yoy_calc,10,entry_month,2021-10-01,-0.09504191639760468,2087
revenue_yoy_calc,10,entry_month,2021-11-01,-0.042171609068986336,1606
revenue_yoy_calc,10,entry_month,2022-02-01,-0.2816205533596838,23
revenue_yoy_calc,10,entry_month,2022-03-01,-0.09554014164167923,726
revenue_yoy_calc,10,entry_month,2022-04-01,-0.01293563462825084,4822
revenue_yoy_calc,10,entry_month,2022-05-01,0.047989871986885826,2250
revenue_yoy_calc,10,entry_month,2022-07-01,-0.07955596669750231,47
revenue_yoy_calc,10,entry_month,2022-08-01,-0.07721004889557778,3601
revenue_yoy_calc,10,entry_month,2022-09-01,-0.0723283600779122,442
revenue_yoy_calc,10,entry_month,2022-10-01,-0.11635574552400114,3812
revenue_yoy_calc,10,entry_month,2022-11-01,-0.22640866880705193,365
revenue_yoy_calc,10,entry_month,2023-03-01,-0.09172393753704577,673
revenue_yoy_calc,10,entry_month,2023-04-01,-0.08828797339927928,4933
revenue_yoy_calc,10,entry_month,2023-05-01,-0.05737767617113654,3106
revenue_yoy_calc,10,entry_month,2023-07-01,0.08259251284259744,58
revenue_yoy_calc,10,entry_month,2023-08-01,-0.0705892088431046,3799
revenue_yoy_calc,10,entry_month,2023-09-01,-0.14807012796228897,611
revenue_yoy_calc,10,entry_month,2023-10-01,-0.08357141263584635,3587
revenue_yoy_calc,10,entry_month,2023-11-01,-0.054737738330831724,968
revenue_yoy_calc,10,entry_month,2024-03-01,-0.04713775541650394,531
revenue_yoy_calc,10,entry_month,2024-04-01,0.022392571842184475,7224
revenue_yoy_calc,10,entry_month,2024-05-01,-0.03413002363816491,1578
revenue_yoy_calc,10,entry_month,2024-07-01,-0.16165587419056432,47
revenue_yoy_calc,10,entry_month,2024-08-01,-0.03934761889471555,3416
revenue_yoy_calc,10,entry_month,2024-09-01,-0.06528218811276966,1313
revenue_yoy_calc,20,entry_month,2020-04-01,0.043365463403473754,2322
revenue_yoy_calc,20,entry_month,2020-05-01,-0.030930217461454412,911
revenue_yoy_calc,20,entry_month,2020-07-01,-0.07401145597141096,102
revenue_yoy_calc,20,entry_month,2020-08-01,-0.06072202595407593,3011
revenue_yoy_calc,20,entry_month,2020-09-01,-0.09763201837565831,147
revenue_yoy_calc,20,entry_month,2020-10-01,-0.12615348205107954,2011
revenue_yoy_calc,20,entry_month,2020-11-01,-0.11507207908925042,1293
revenue_yoy_calc,20,entry_month,2021-02-01,-0.04573687182382835,22
revenue_yoy_calc,20,entry_month,2021-03-01,0.0053401371279695724,664
revenue_yoy_calc,20,entry_month,2021-04-01,0.004864993800876813,5189
revenue_yoy_calc,20,entry_month,2021-05-01,-0.051100435032909716,978
revenue_yoy_calc,20,entry_month,2021-07-01,0.10909755206430401,69
revenue_yoy_calc,20,entry_month,2021-08-01,-0.08536045507449834,3105
revenue_yoy_calc,20,entry_month,2021-09-01,-0.15639892100592367,381
revenue_yoy_calc,20,entry_month,2021-10-01,-0.04280935514119227,2087
revenue_yoy_calc,20,entry_month,2021-11-01,0.016215067822946395,1606
revenue_yoy_calc,20,entry_month,2022-02-01,-0.2114624505928854,23
revenue_yoy_calc,20,entry_month,2022-03-01,-0.10676629462588584,726
revenue_yoy_calc,20,entry_month,2022-04-01,-0.0025318969198808916,4822
revenue_yoy_calc,20,entry_month,2022-05-01,0.13309729792101743,2249
revenue_yoy_calc,20,entry_month,2022-07-01,-0.0349213691026827,47
revenue_yoy_calc,20,entry_month,2022-08-01,-0.033788983814268064,3601
revenue_yoy_calc,20,entry_month,2022-09-01,0.018409935143353106,442
revenue_yoy_calc,20,entry_month,2022-10-01,-0.12978917009403798,3812
revenue_yoy_calc,20,entry_month,2022-11-01,-0.2525002282693727,365
revenue_yoy_calc,20,entry_month,2023-03-01,-0.053625638043861355,673
revenue_yoy_calc,20,entry_month,2023-04-01,-0.0759729388933225,4933
revenue_yoy_calc,20,entry_month,2023-05-01,-0.051432634119868766,3106
revenue_yoy_calc,20,entry_month,2023-07-01,-0.03343689439847427,58
revenue_yoy_calc,20,entry_month,2023-08-01,-0.0730690919476605,3799
revenue_yoy_calc,20,entry_month,2023-09-01,-0.10360814882172585,611
revenue_yoy_calc,20,entry_month,2023-10-01,-0.039637112497147624,3587
revenue_yoy_calc,20,entry_month,2023-11-01,-0.07791574131209102,968
revenue_yoy_calc,20,entry_month,2024-03-01,-0.017435337624521808,531
revenue_yoy_calc,20,entry_month,2024-04-01,0.04974919080255313,7224
revenue_yoy_calc,20,entry_month,2024-05-01,0.10508549105100531,1578
revenue_yoy_calc,20,entry_month,2024-07-01,-0.24953746530989823,47
revenue_yoy_calc,20,entry_month,2024-08-01,-0.12316105981933435,3416
revenue_yoy_calc,20,entry_month,2024-09-01,-0.043434383476490826,1314
revenue_yoy_calc,40,entry_month,2020-04-01,0.14507299263841889,2322
revenue_yoy_calc,40,entry_month,2020-05-01,0.11510973241966325,911
revenue_yoy_calc,40,entry_month,2020-07-01,-0.10486228520053603,102
revenue_yoy_calc,40,entry_month,2020-08-01,0.0066953166192489765,3011
revenue_yoy_calc,40,entry_month,2020-09-01,-0.1387203530060673,147
revenue_yoy_calc,40,entry_month,2020-10-01,-0.028262711199867147,2012
revenue_yoy_calc,40,entry_month,2020-11-01,0.02690469237412488,1293
revenue_yoy_calc,40,entry_month,2021-02-01,-0.02992659514398645,22
revenue_yoy_calc,40,entry_month,2021-03-01,-0.0041354203682564825,664
revenue_yoy_calc,40,entry_month,2021-04-01,0.014941891612089949,5189
revenue_yoy_calc,40,entry_month,2021-05-01,0.004500440161175183,978
revenue_yoy_calc,40,entry_month,2021-07-01,-0.06364632809645598,69
revenue_yoy_calc,40,entry_month,2021-08-01,-0.0885962920689746,3105
revenue_yoy_calc,40,entry_month,2021-09-01,-0.12876264231109766,381
revenue_yoy_calc,40,entry_month,2021-10-01,-0.1598232740533826,2087
revenue_yoy_calc,40,entry_month,2021-11-01,-0.09570159489761813,1606
revenue_yoy_calc,40,entry_month,2022-02-01,-0.2223320158102767,23
revenue_yoy_calc,40,entry_month,2022-03-01,-0.11102371853394867,726
revenue_yoy_calc,40,entry_month,2022-04-01,0.04396557444933391,4821
revenue_yoy_calc,40,entry_month,2022-05-01,0.13791903815207396,2250
revenue_yoy_calc,40,entry_month,2022-07-01,-0.09470397779833489,47
revenue_yoy_calc,40,entry_month,2022-08-01,-0.08200027391843592,3601
revenue_yoy_calc,40,entry_month,2022-09-01,0.034020068663689444,442
revenue_yoy_calc,40,entry_month,2022-10-01,-0.18479249243089177,3812
revenue_yoy_calc,40,entry_month,2022-11-01,-0.24152855132324208,365
revenue_yoy_calc,40,entry_month,2023-03-01,-0.14425559190656126,673
revenue_yoy_calc,40,entry_month,2023-04-01,-0.06360040389855254,4933
revenue_yoy_calc,40,entry_month,2023-05-01,0.0047361386711871735,3106
revenue_yoy_calc,40,entry_month,2023-07-01,-0.20938816943000402,58
revenue_yoy_calc,40,entry_month,2023-08-01,-0.1072252799415761,3799
revenue_yoy_calc,40,entry_month,2023-09-01,-0.19021981502833882,611
revenue_yoy_calc,40,entry_month,2023-10-01,-0.020641539200798396,3587
revenue_yoy_calc,40,entry_month,2023-11-01,-0.0878526476962738,968
revenue_yoy_calc,40,entry_month,2024-03-01,-0.08807480357733179,531
revenue_yoy_calc,40,entry_month,2024-04-01,0.09575350209788204,7224
revenue_yoy_calc,40,entry_month,2024-05-01,0.10975375760950083,1578
revenue_yoy_calc,40,entry_month,2024-07-01,-0.2918593894542091,47
revenue_yoy_calc,40,entry_month,2024-08-01,-0.059287874759599374,3416
revenue_yoy_calc,40,entry_month,2024-09-01,-0.1360307258783654,1313
revenue_yoy_calc,60,entry_month,2020-04-01,0.1392376392688293,2322
revenue_yoy_calc,60,entry_month,2020-05-01,0.1285858758008827,910
revenue_yoy_calc,60,entry_month,2020-07-01,-0.005671440930500818,102
revenue_yoy_calc,60,entry_month,2020-08-01,-0.0571876817093679,3011
revenue_yoy_calc,60,entry_month,2020-09-01,-0.17570967668815024,147
revenue_yoy_calc,60,entry_month,2020-10-01,0.09800339203393645,2012
revenue_yoy_calc,60,entry_month,2020-11-01,0.11641012657579289,1293
revenue_yoy_calc,60,entry_month,2021-02-01,-0.2682100508187465,22
revenue_yoy_calc,60,entry_month,2021-03-01,0.0407561799686363,664
revenue_yoy_calc,60,entry_month,2021-04-01,0.04982394879708016,5189
revenue_yoy_calc,60,entry_month,2021-05-01,0.0755992713420068,978
revenue_yoy_calc,60,entry_month,2021-07-01,0.05681402995981001,69
revenue_yoy_calc,60,entry_month,2021-08-01,-0.07967704632678985,3105
revenue_yoy_calc,60,entry_month,2021-09-01,-0.08380363552336398,381
revenue_yoy_calc,60,entry_month,2021-10-01,-0.21278559107066072,2087
revenue_yoy_calc,60,entry_month,2021-11-01,-0.07880999576037967,1606
revenue_yoy_calc,60,entry_month,2022-02-01,-0.07509881422924902,23
revenue_yoy_calc,60,entry_month,2022-03-01,0.04810774259783155,726
revenue_yoy_calc,60,entry_month,2022-04-01,0.040890966463110266,4822
revenue_yoy_calc,60,entry_month,2022-05-01,0.13052925280305896,2250
revenue_yoy_calc,60,entry_month,2022-07-01,-0.1748381128584644,47
revenue_yoy_calc,60,entry_month,2022-08-01,-0.15493050230292693,3601
revenue_yoy_calc,60,entry_month,2022-09-01,-0.17106640135705795,442
revenue_yoy_calc,60,entry_month,2022-10-01,-0.1343272279282718,3812
revenue_yoy_calc,60,entry_month,2022-11-01,-0.2012847247071366,365
revenue_yoy_calc,60,entry_month,2023-03-01,-0.1333193211544167,673
revenue_yoy_calc,60,entry_month,2023-04-01,-0.13007552520928137,4933
revenue_yoy_calc,60,entry_month,2023-05-01,-0.0680920750011688,3106
revenue_yoy_calc,60,entry_month,2023-07-01,-0.32769386939001516,58
revenue_yoy_calc,60,entry_month,2023-08-01,-0.10727345790774243,3799
revenue_yoy_calc,60,entry_month,2023-09-01,-0.17731663773618375,611
revenue_yoy_calc,60,entry_month,2023-10-01,0.06219875315472389,3587
revenue_yoy_calc,60,entry_month,2023-11-01,0.015947587157339904,968
revenue_yoy_calc,60,entry_month,2024-03-01,-0.07166869844903272,531
revenue_yoy_calc,60,entry_month,2024-04-01,0.05770440329425624,7224
revenue_yoy_calc,60,entry_month,2024-05-01,0.04749399828565136,1578
revenue_yoy_calc,60,entry_month,2024-07-01,-0.12476873265494912,47
revenue_yoy_calc,60,entry_month,2024-08-01,-0.10764135709384359,194
eps_yoy_calc,1,entry_month,2020-04-01,0.04915730684395481,2317
eps_yoy_calc,1,entry_month,2020-05-01,0.05835717537605022,908
eps_yoy_calc,1,entry_month,2020-07-01,0.11347064561319896,102
eps_yoy_calc,1,entry_month,2020-08-01,0.017084772924332137,3009
eps_yoy_calc,1,entry_month,2020-09-01,-0.07380346340384011,147
eps_yoy_calc,1,entry_month,2020-10-01,0.03838336271636286,2008
eps_yoy_calc,1,entry_month,2020-11-01,-0.05577153179422878,1290
eps_yoy_calc,1,entry_month,2021-02-01,-0.13156408808582723,22
eps_yoy_calc,1,entry_month,2021-03-01,0.021497142457832727,663
eps_yoy_calc,1,entry_month,2021-04-01,0.04098114542507651,5175
eps_yoy_calc,1,entry_month,2021-05-01,-0.09157894544830329,974
eps_yoy_calc,1,entry_month,2021-07-01,-0.06711789475887187,69
eps_yoy_calc,1,entry_month,2021-08-01,-0.0016698374800838138,3104
eps_yoy_calc,1,entry_month,2021-09-01,0.05203941645504596,381
eps_yoy_calc,1,entry_month,2021-10-01,-0.05964183683618057,2079
eps_yoy_calc,1,entry_month,2021-11-01,-0.03534547541054759,1604
eps_yoy_calc,1,entry_month,2022-02-01,-0.003952569169960474,23
eps_yoy_calc,1,entry_month,2022-03-01,-0.02905983982560774,725
eps_yoy_calc,1,entry_month,2022-04-01,-0.005205731689232637,4813
eps_yoy_calc,1,entry_month,2022-05-01,0.03042376081477482,2234
eps_yoy_calc,1,entry_month,2022-07-01,-0.0683992946427882,47
eps_yoy_calc,1,entry_month,2022-08-01,-0.008628347303890605,3597
eps_yoy_calc,1,entry_month,2022-09-01,-0.13010350683271626,441
eps_yoy_calc,1,entry_month,2022-10-01,-0.0566541448846565,3798
eps_yoy_calc,1,entry_month,2022-11-01,-0.0747733948025715,364
eps_yoy_calc,1,entry_month,2023-03-01,0.01194266235631335,673
eps_yoy_calc,1,entry_month,2023-04-01,0.0011031527942132586,4918
eps_yoy_calc,1,entry_month,2023-05-01,0.0034184024442297607,3094
eps_yoy_calc,1,entry_month,2023-07-01,-0.17362681328377272,58
eps_yoy_calc,1,entry_month,2023-08-01,0.013278948236665183,3796
eps_yoy_calc,1,entry_month,2023-09-01,-0.1214822923536519,612
eps_yoy_calc,1,entry_month,2023-10-01,-0.042657598008369955,3580
eps_yoy_calc,1,entry_month,2023-11-01,0.012115624489136263,963
eps_yoy_calc,1,entry_month,2024-03-01,-0.052243287646059636,530
eps_yoy_calc,1,entry_month,2024-04-01,0.01544547586921368,7203
eps_yoy_calc,1,entry_month,2024-05-01,-0.09061524716249063,1573
eps_yoy_calc,1,entry_month,2024-07-01,-0.12546253469010177,47
eps_yoy_calc,1,entry_month,2024-08-01,-0.002932883632114867,3414
eps_yoy_calc,1,entry_month,2024-09-01,-0.04915049506726627,1313
eps_yoy_calc,5,entry_month,2020-04-01,0.058789602418132365,2317
eps_yoy_calc,5,entry_month,2020-05-01,0.07648722416533647,908
eps_yoy_calc,5,entry_month,2020-07-01,0.10822761727168283,102
eps_yoy_calc,5,entry_month,2020-08-01,-0.05871104599485967,3009
eps_yoy_calc,5,entry_month,2020-09-01,-0.2954865935259743,147
eps_yoy_calc,5,entry_month,2020-10-01,-0.03841817496791362,2008
eps_yoy_calc,5,entry_month,2020-11-01,0.00017171976849251013,1290
eps_yoy_calc,5,entry_month,2021-02-01,-0.28514963297572,22
eps_yoy_calc,5,entry_month,2021-03-01,-0.020518695487928618,663
eps_yoy_calc,5,entry_month,2021-04-01,-0.0455190313494183,5175
eps_yoy_calc,5,entry_month,2021-05-01,-0.15495144418108578,974
eps_yoy_calc,5,entry_month,2021-07-01,0.010632176034203437,69
eps_yoy_calc,5,entry_month,2021-08-01,-0.04695289420322464,3104
eps_yoy_calc,5,entry_month,2021-09-01,-0.019424936141658758,381
eps_yoy_calc,5,entry_month,2021-10-01,-0.09841207411697363,2079
eps_yoy_calc,5,entry_month,2021-11-01,-0.12329388797911445,1604
eps_yoy_calc,5,entry_month,2022-02-01,-0.25592885375494073,23
eps_yoy_calc,5,entry_month,2022-03-01,-0.04127366427052733,725
eps_yoy_calc,5,entry_month,2022-04-01,-0.03343447289542829,4813
eps_yoy_calc,5,entry_month,2022-05-01,-0.028893796201862408,2234
eps_yoy_calc,5,entry_month,2022-07-01,-0.2450348357532852,47
eps_yoy_calc,5,entry_month,2022-08-01,-0.04878907254324526,3597
eps_yoy_calc,5,entry_month,2022-09-01,-0.10234428026199549,441
eps_yoy_calc,5,entry_month,2022-10-01,-0.07488136945026835,3798
eps_yoy_calc,5,entry_month,2022-11-01,-0.011293866838150679,364
eps_yoy_calc,5,entry_month,2023-03-01,-0.03955179237374584,673
eps_yoy_calc,5,entry_month,2023-04-01,-0.010555203704530438,4918
eps_yoy_calc,5,entry_month,2023-05-01,-0.04436556510455806,3094
eps_yoy_calc,5,entry_month,2023-07-01,0.026979219569431015,58
eps_yoy_calc,5,entry_month,2023-08-01,-0.03040578283717055,3796
eps_yoy_calc,5,entry_month,2023-09-01,-0.04725714986370847,612
eps_yoy_calc,5,entry_month,2023-10-01,-0.12012153387898888,3580
eps_yoy_calc,5,entry_month,2023-11-01,-0.03875447768903177,963
eps_yoy_calc,5,entry_month,2024-03-01,-0.016125291327639905,530
eps_yoy_calc,5,entry_month,2024-04-01,-0.026333003770451818,7203
eps_yoy_calc,5,entry_month,2024-05-01,0.05945943636163508,1573
eps_yoy_calc,5,entry_month,2024-07-01,-0.1234967622571693,47
eps_yoy_calc,5,entry_month,2024-08-01,-0.03188018993650648,3414
eps_yoy_calc,5,entry_month,2024-09-01,-0.06738930330469993,1312
eps_yoy_calc,10,entry_month,2020-04-01,0.06840459139270778,2317
eps_yoy_calc,10,entry_month,2020-05-01,0.04947205341916385,908
eps_yoy_calc,10,entry_month,2020-07-01,0.010002855535716141,102
eps_yoy_calc,10,entry_month,2020-08-01,-0.07947965661891138,3009
eps_yoy_calc,10,entry_month,2020-09-01,-0.20653406863962304,147
eps_yoy_calc,10,entry_month,2020-10-01,-0.06545570072005719,2008
eps_yoy_calc,10,entry_month,2020-11-01,-0.0880711996495281,1290
eps_yoy_calc,10,entry_month,2021-02-01,-0.12140033879164315,22
eps_yoy_calc,10,entry_month,2021-03-01,-0.03500488656158793,663
eps_yoy_calc,10,entry_month,2021-04-01,-0.06776183719193797,5175
eps_yoy_calc,10,entry_month,2021-05-01,-0.07606165716838582,974
eps_yoy_calc,10,entry_month,2021-07-01,-0.02510093352089004,69
eps_yoy_calc,10,entry_month,2021-08-01,-0.045321984760759396,3104
eps_yoy_calc,10,entry_month,2021-09-01,0.0572552355107825,381
eps_yoy_calc,10,entry_month,2021-10-01,-0.1429464415938048,2079
eps_yoy_calc,10,entry_month,2021-11-01,-0.16670816153260323,1604
eps_yoy_calc,10,entry_month,2022-02-01,0.09980237154150197,23
eps_yoy_calc,10,entry_month,2022-03-01,-0.05396490456300385,725
eps_yoy_calc,10,entry_month,2022-04-01,-0.03452264905664268,4813
eps_yoy_calc,10,entry_month,2022-05-01,-0.050096302556537575,2234
eps_yoy_calc,10,entry_month,2022-07-01,-0.17120060138402013,47
eps_yoy_calc,10,entry_month,2022-08-01,-0.02105671852981257,3597
eps_yoy_calc,10,entry_month,2022-09-01,-0.0554790172108197,441
eps_yoy_calc,10,entry_month,2022-10-01,-0.12209593495468092,3798
eps_yoy_calc,10,entry_month,2022-11-01,-0.15625377503787002,364
eps_yoy_calc,10,entry_month,2023-03-01,-0.034540122941585816,673
eps_yoy_calc,10,entry_month,2023-04-01,-0.03839545592387011,4918
eps_yoy_calc,10,entry_month,2023-05-01,-0.0075393177902153075,3094
eps_yoy_calc,10,entry_month,2023-07-01,-0.07250411431714134,58
eps_yoy_calc,10,entry_month,2023-08-01,-0.04169808968178644,3796
eps_yoy_calc,10,entry_month,2023-09-01,-0.07818068071849692,612
eps_yoy_calc,10,entry_month,2023-10-01,-0.11513233212089509,3580
eps_yoy_calc,10,entry_month,2023-11-01,-0.08758137617105993,963
eps_yoy_calc,10,entry_month,2024-03-01,-0.04012825763181082,530
eps_yoy_calc,10,entry_month,2024-04-01,0.04314739937340464,7203
eps_yoy_calc,10,entry_month,2024-05-01,0.04269714050533793,1573
eps_yoy_calc,10,entry_month,2024-07-01,-0.143154486586494,47
eps_yoy_calc,10,entry_month,2024-08-01,-0.03888422606774436,3414
eps_yoy_calc,10,entry_month,2024-09-01,0.01269695302955218,1312
eps_yoy_calc,20,entry_month,2020-04-01,0.02251548273589422,2317
eps_yoy_calc,20,entry_month,2020-05-01,0.017979558540086694,908
eps_yoy_calc,20,entry_month,2020-07-01,-0.11497346614342355,102
eps_yoy_calc,20,entry_month,2020-08-01,-0.03548042007892929,3009
eps_yoy_calc,20,entry_month,2020-09-01,-0.14604987396036484,147
eps_yoy_calc,20,entry_month,2020-10-01,-0.06818496976926446,2007
eps_yoy_calc,20,entry_month,2020-11-01,-0.08073394521064371,1290
eps_yoy_calc,20,entry_month,2021-02-01,-0.02766798418972332,22
eps_yoy_calc,20,entry_month,2021-03-01,-0.0417985194461709,663
eps_yoy_calc,20,entry_month,2021-04-01,-0.06634510878915932,5175
eps_yoy_calc,20,entry_month,2021-05-01,-0.09077783552570488,974
eps_yoy_calc,20,entry_month,2021-07-01,0.06516318198282416,69
eps_yoy_calc,20,entry_month,2021-08-01,-0.009588805582407203,3104
eps_yoy_calc,20,entry_month,2021-09-01,-0.10673108411083869,381
eps_yoy_calc,20,entry_month,2021-10-01,-0.10737759355176571,2079
eps_yoy_calc,20,entry_month,2021-11-01,-0.058136836601937227,1604
eps_yoy_calc,20,entry_month,2022-02-01,-0.03656126482213439,23
eps_yoy_calc,20,entry_month,2022-03-01,-0.07959525900727958,725
eps_yoy_calc,20,entry_month,2022-04-01,-0.02221269633746157,4813
eps_yoy_calc,20,entry_month,2022-05-01,-0.004416980168532642,2233
eps_yoy_calc,20,entry_month,2022-07-01,-0.16645948375028505,47
eps_yoy_calc,20,entry_month,2022-08-01,0.023070746506056224,3597
eps_yoy_calc,20,entry_month,2022-09-01,0.03624592335862532,441
eps_yoy_calc,20,entry_month,2022-10-01,-0.12418517343875603,3798
eps_yoy_calc,20,entry_month,2022-11-01,-0.19124580850512518,364
eps_yoy_calc,20,entry_month,2023-03-01,0.09383031766915384,673
eps_yoy_calc,20,entry_month,2023-04-01,-0.07110415735869245,4918
eps_yoy_calc,20,entry_month,2023-05-01,-0.023323469201352996,3094
eps_yoy_calc,20,entry_month,2023-07-01,-0.11892274329659246,58
eps_yoy_calc,20,entry_month,2023-08-01,-0.00284553511332043,3796
eps_yoy_calc,20,entry_month,2023-09-01,0.046731394330991625,612
eps_yoy_calc,20,entry_month,2023-10-01,-0.053728787551643384,3580
eps_yoy_calc,20,entry_month,2023-11-01,-0.08340073877209239,963
eps_yoy_calc,20,entry_month,2024-03-01,0.1529867155014045,530
eps_yoy_calc,20,entry_month,2024-04-01,0.0495097967461925,7203
eps_yoy_calc,20,entry_month,2024-05-01,0.09811389294621478,1573
eps_yoy_calc,20,entry_month,2024-07-01,-0.1866327474560592,47
eps_yoy_calc,20,entry_month,2024-08-01,-0.11706619875937158,3414
eps_yoy_calc,20,entry_month,2024-09-01,-0.10628499902528794,1313
eps_yoy_calc,40,entry_month,2020-04-01,0.10806051971794396,2317
eps_yoy_calc,40,entry_month,2020-05-01,0.08901764823254829,908
eps_yoy_calc,40,entry_month,2020-07-01,-0.1162796615242887,102
eps_yoy_calc,40,entry_month,2020-08-01,0.022753252515657758,3009
eps_yoy_calc,40,entry_month,2020-09-01,-0.14040757884771823,147
eps_yoy_calc,40,entry_month,2020-10-01,0.019357232728399645,2008
eps_yoy_calc,40,entry_month,2020-11-01,0.0699868927338766,1290
eps_yoy_calc,40,entry_month,2021-02-01,0.0942970073404856,22
eps_yoy_calc,40,entry_month,2021-03-01,0.021064313854978457,663
eps_yoy_calc,40,entry_month,2021-04-01,-0.049213413357421444,5175
eps_yoy_calc,40,entry_month,2021-05-01,0.06387134330656839,974
eps_yoy_calc,40,entry_month,2021-07-01,0.022159500909774518,69
eps_yoy_calc,40,entry_month,2021-08-01,-0.02504888997624278,3104
eps_yoy_calc,40,entry_month,2021-09-01,-0.11523224358999777,381
eps_yoy_calc,40,entry_month,2021-10-01,-0.1724058970217489,2079
eps_yoy_calc,40,entry_month,2021-11-01,-0.15606924050886897,1604
eps_yoy_calc,40,entry_month,2022-02-01,-0.09782608695652174,23
eps_yoy_calc,40,entry_month,2022-03-01,-0.04586515154996009,725
eps_yoy_calc,40,entry_month,2022-04-01,0.0030060040807010995,4812
eps_yoy_calc,40,entry_month,2022-05-01,0.006360875413388826,2234
eps_yoy_calc,40,entry_month,2022-07-01,-0.24104535872002025,47
eps_yoy_calc,40,entry_month,2022-08-01,-0.041695081638777526,3597
eps_yoy_calc,40,entry_month,2022-09-01,-0.029550498057253897,441
eps_yoy_calc,40,entry_month,2022-10-01,-0.1453460588217975,3798
eps_yoy_calc,40,entry_month,2022-11-01,-0.14177259788243676,364
eps_yoy_calc,40,entry_month,2023-03-01,-0.017122907781753044,673
eps_yoy_calc,40,entry_month,2023-04-01,-0.04396194828160992,4918
eps_yoy_calc,40,entry_month,2023-05-01,0.03525610581130618,3094
eps_yoy_calc,40,entry_month,2023-07-01,-0.0668440561778312,58
eps_yoy_calc,40,entry_month,2023-08-01,-0.0599724913197803,3796
eps_yoy_calc,40,entry_month,2023-09-01,-0.11682709752566943,612
eps_yoy_calc,40,entry_month,2023-10-01,-0.0019020279657067632,3580
eps_yoy_calc,40,entry_month,2023-11-01,-0.029806791489574113,963
eps_yoy_calc,40,entry_month,2024-03-01,0.0469434109297999,530
eps_yoy_calc,40,entry_month,2024-04-01,0.0876088847600493,7203
eps_yoy_calc,40,entry_month,2024-05-01,0.16919531352754458,1573
eps_yoy_calc,40,entry_month,2024-07-01,-0.2082562442183164,47
eps_yoy_calc,40,entry_month,2024-08-01,-0.13574908237905164,3414
eps_yoy_calc,40,entry_month,2024-09-01,-0.14748665744984452,1312
eps_yoy_calc,60,entry_month,2020-04-01,0.11046640018120313,2317
eps_yoy_calc,60,entry_month,2020-05-01,0.0965101776319659,907
eps_yoy_calc,60,entry_month,2020-07-01,0.03788532057054728,102
eps_yoy_calc,60,entry_month,2020-08-01,-0.03614255028436406,3009
eps_yoy_calc,60,entry_month,2020-09-01,-0.18782023613845467,147
eps_yoy_calc,60,entry_month,2020-10-01,0.14090744860617802,2008
eps_yoy_calc,60,entry_month,2020-11-01,0.12591071050098188,1290
eps_yoy_calc,60,entry_month,2021-02-01,-0.08977978543195936,22
eps_yoy_calc,60,entry_month,2021-03-01,0.03130515072233106,663
eps_yoy_calc,60,entry_month,2021-04-01,0.00867629869951581,5175
eps_yoy_calc,60,entry_month,2021-05-01,0.05473161113600159,974
eps_yoy_calc,60,entry_month,2021-07-01,0.0740050603342923,69
eps_yoy_calc,60,entry_month,2021-08-01,-0.0752090192088955,3104
eps_yoy_calc,60,entry_month,2021-09-01,-0.13026930490368024,381
eps_yoy_calc,60,entry_month,2021-10-01,-0.20024462268707746,2079
eps_yoy_calc,60,entry_month,2021-11-01,-0.14419485715520503,1604
eps_yoy_calc,60,entry_month,2022-02-01,-0.07608695652173912,23
eps_yoy_calc,60,entry_month,2022-03-01,0.05374219148761397,725
eps_yoy_calc,60,entry_month,2022-04-01,-0.015008172279047037,4813
eps_yoy_calc,60,entry_month,2022-05-01,-0.011588591418244405,2234
eps_yoy_calc,60,entry_month,2022-07-01,-0.20577606900564935,47
eps_yoy_calc,60,entry_month,2022-08-01,-0.09528305098144446,3597
eps_yoy_calc,60,entry_month,2022-09-01,-0.12462949239524786,441
eps_yoy_calc,60,entry_month,2022-10-01,-0.1198114348466375,3798
eps_yoy_calc,60,entry_month,2022-11-01,-0.07336575350063256,364
eps_yoy_calc,60,entry_month,2023-03-01,-0.04166030758747034,673
eps_yoy_calc,60,entry_month,2023-04-01,-0.0709720574487441,4918
eps_yoy_calc,60,entry_month,2023-05-01,-0.036183078052884884,3094
eps_yoy_calc,60,entry_month,2023-07-01,-0.11658489319557307,58
eps_yoy_calc,60,entry_month,2023-08-01,-0.09310793500615167,3796
eps_yoy_calc,60,entry_month,2023-09-01,-0.07504633517581176,612
eps_yoy_calc,60,entry_month,2023-10-01,0.07670163621697162,3580
eps_yoy_calc,60,entry_month,2023-11-01,0.10501591058818689,963
eps_yoy_calc,60,entry_month,2024-03-01,0.052951477521651726,530
eps_yoy_calc,60,entry_month,2024-04-01,0.059302554664610915,7203
eps_yoy_calc,60,entry_month,2024-05-01,0.13895052787646658,1573
eps_yoy_calc,60,entry_month,2024-07-01,-0.30191951896392233,47
eps_yoy_calc,60,entry_month,2024-08-01,-0.05210628347308173,194
